AR;alder;Kon;inc_cvd;inc_ccr
2006;0;1;;6
2006;0;2;;8
2006;1;1;;11
2006;1;2;;5
2006;2;1;;8
2006;2;2;;11
2006;3;1;;6
2006;3;2;;6
2006;4;1;;14
2006;4;2;;4
2006;5;1;;15
2006;5;2;;4
2006;6;1;;9
2006;6;2;;6
2006;7;1;;6
2006;7;2;;10
2006;8;1;;6
2006;8;2;;2
2006;9;1;;3
2006;9;2;;5
2006;10;1;;6
2006;10;2;;3
2006;11;1;;3
2006;11;2;;6
2006;12;1;;9
2006;12;2;;5
2006;13;1;;9
2006;13;2;;7
2006;14;1;;9
2006;14;2;;9
2006;15;1;;7
2006;15;2;;7
2006;16;1;;14
2006;16;2;;11
2006;17;1;;12
2006;17;2;;4
2006;18;1;;11
2006;18;2;;13
2006;19;1;;11
2006;19;2;;16
2006;20;1;;13
2006;20;2;;12
2006;21;1;;21
2006;21;2;;18
2006;22;1;;24
2006;22;2;;16
2006;23;1;;29
2006;23;2;;16
2006;24;1;;27
2006;24;2;;18
2006;25;1;;25
2006;25;2;;25
2006;26;1;;28
2006;26;2;;31
2006;27;1;;36
2006;27;2;;27
2006;28;1;;29
2006;28;2;;42
2006;29;1;;35
2006;29;2;;45
2006;30;1;;27
2006;30;2;;42
2006;31;1;;36
2006;31;2;;60
2006;32;1;;37
2006;32;2;;60
2006;33;1;;30
2006;33;2;;71
2006;34;1;;40
2006;34;2;;71
2006;35;1;;46
2006;35;2;;83
2006;36;1;;33
2006;36;2;;63
2006;37;1;;54
2006;37;2;;65
2006;38;1;;58
2006;38;2;;103
2006;39;1;;60
2006;39;2;;102
2006;40;1;;59
2006;40;2;;128
2006;41;1;;66
2006;41;2;;157
2006;42;1;;68
2006;42;2;;150
2006;43;1;;75
2006;43;2;;144
2006;44;1;;46
2006;44;2;;177
2006;45;1;;91
2006;45;2;;177
2006;46;1;;96
2006;46;2;;201
2006;47;1;;109
2006;47;2;;186
2006;48;1;;107
2006;48;2;;222
2006;49;1;;119
2006;49;2;;244
2006;50;1;;147
2006;50;2;;325
2006;51;1;;146
2006;51;2;;270
2006;52;1;;183
2006;52;2;;272
2006;53;1;;226
2006;53;2;;265
2006;54;1;;245
2006;54;2;;289
2006;55;1;;271
2006;55;2;;315
2006;56;1;;313
2006;56;2;;360
2006;57;1;;369
2006;57;2;;410
2006;58;1;;463
2006;58;2;;464
2006;59;1;;520
2006;59;2;;477
2006;60;1;;541
2006;60;2;;562
2006;61;1;;628
2006;61;2;;546
2006;62;1;;712
2006;62;2;;597
2006;63;1;;770
2006;63;2;;591
2006;64;1;;771
2006;64;2;;527
2006;65;1;;670
2006;65;2;;526
2006;66;1;;688
2006;66;2;;474
2006;67;1;;729
2006;67;2;;499
2006;68;1;;762
2006;68;2;;485
2006;69;1;;721
2006;69;2;;481
2006;70;1;;686
2006;70;2;;471
2006;71;1;;689
2006;71;2;;447
2006;72;1;;638
2006;72;2;;454
2006;73;1;;686
2006;73;2;;498
2006;74;1;;711
2006;74;2;;447
2006;75;1;;724
2006;75;2;;465
2006;76;1;;726
2006;76;2;;492
2006;77;1;;667
2006;77;2;;472
2006;78;1;;659
2006;78;2;;493
2006;79;1;;635
2006;79;2;;432
2006;80;1;;598
2006;80;2;;414
2006;81;1;;601
2006;81;2;;455
2006;82;1;;541
2006;82;2;;390
2006;83;1;;525
2006;83;2;;430
2006;84;1;;450
2006;84;2;;412
2006;85;1;;453
2006;85;2;;402
2006;86;1;;384
2006;86;2;;408
2006;87;1;;256
2006;87;2;;269
2006;88;1;;248
2006;88;2;;241
2006;89;1;;183
2006;89;2;;211
2006;90;1;;126
2006;90;2;;172
2006;91;1;;97
2006;91;2;;131
2006;92;1;;66
2006;92;2;;118
2006;93;1;;54
2006;93;2;;81
2006;94;1;;43
2006;94;2;;77
2006;95;1;;23
2006;95;2;;40
2006;96;1;;20
2006;96;2;;33
2006;97;1;;9
2006;97;2;;23
2006;98;1;;7
2006;98;2;;18
2006;99;1;;5
2006;99;2;;4
2006;100;1;;3
2006;100;2;;5
2007;0;1;;0
2007;0;2;;9
2007;1;1;;13
2007;1;2;;14
2007;2;1;;10
2007;2;2;;8
2007;3;1;;11
2007;3;2;;8
2007;4;1;;6
2007;4;2;;4
2007;5;1;;9
2007;5;2;;5
2007;6;1;;9
2007;6;2;;6
2007;7;1;;5
2007;7;2;;5
2007;8;1;;5
2007;8;2;;4
2007;9;1;;7
2007;9;2;;2
2007;10;1;;4
2007;10;2;;3
2007;11;1;;3
2007;11;2;;1
2007;12;1;;5
2007;12;2;;4
2007;13;1;;5
2007;13;2;;8
2007;14;1;;7
2007;14;2;;11
2007;15;1;;11
2007;15;2;;14
2007;16;1;;10
2007;16;2;;12
2007;17;1;;20
2007;17;2;;13
2007;18;1;;9
2007;18;2;;15
2007;19;1;;13
2007;19;2;;16
2007;20;1;;15
2007;20;2;;12
2007;21;1;;14
2007;21;2;;13
2007;22;1;;19
2007;22;2;;19
2007;23;1;;25
2007;23;2;;23
2007;24;1;;20
2007;24;2;;22
2007;25;1;;24
2007;25;2;;23
2007;26;1;;32
2007;26;2;;33
2007;27;1;;29
2007;27;2;;39
2007;28;1;;30
2007;28;2;;39
2007;29;1;;27
2007;29;2;;44
2007;30;1;;33
2007;30;2;;43
2007;31;1;;29
2007;31;2;;49
2007;32;1;;38
2007;32;2;;62
2007;33;1;;38
2007;33;2;;59
2007;34;1;;51
2007;34;2;;63
2007;35;1;;37
2007;35;2;;70
2007;36;1;;52
2007;36;2;;85
2007;37;1;;54
2007;37;2;;79
2007;38;1;;60
2007;38;2;;95
2007;39;1;;61
2007;39;2;;108
2007;40;1;;53
2007;40;2;;140
2007;41;1;;65
2007;41;2;;137
2007;42;1;;59
2007;42;2;;146
2007;43;1;;75
2007;43;2;;188
2007;44;1;;87
2007;44;2;;189
2007;45;1;;79
2007;45;2;;205
2007;46;1;;78
2007;46;2;;208
2007;47;1;;99
2007;47;2;;223
2007;48;1;;140
2007;48;2;;216
2007;49;1;;102
2007;49;2;;274
2007;50;1;;134
2007;50;2;;312
2007;51;1;;187
2007;51;2;;292
2007;52;1;;202
2007;52;2;;310
2007;53;1;;243
2007;53;2;;305
2007;54;1;;244
2007;54;2;;328
2007;55;1;;296
2007;55;2;;373
2007;56;1;;332
2007;56;2;;357
2007;57;1;;379
2007;57;2;;437
2007;58;1;;439
2007;58;2;;458
2007;59;1;;573
2007;59;2;;506
2007;60;1;;609
2007;60;2;;536
2007;61;1;;671
2007;61;2;;620
2007;62;1;;773
2007;62;2;;644
2007;63;1;;820
2007;63;2;;641
2007;64;1;;876
2007;64;2;;746
2007;65;1;;833
2007;65;2;;588
2007;66;1;;791
2007;66;2;;600
2007;67;1;;828
2007;67;2;;571
2007;68;1;;879
2007;68;2;;591
2007;69;1;;879
2007;69;2;;577
2007;70;1;;822
2007;70;2;;574
2007;71;1;;800
2007;71;2;;571
2007;72;1;;805
2007;72;2;;583
2007;73;1;;830
2007;73;2;;582
2007;74;1;;728
2007;74;2;;555
2007;75;1;;825
2007;75;2;;559
2007;76;1;;835
2007;76;2;;581
2007;77;1;;783
2007;77;2;;608
2007;78;1;;754
2007;78;2;;611
2007;79;1;;730
2007;79;2;;603
2007;80;1;;674
2007;80;2;;550
2007;81;1;;672
2007;81;2;;525
2007;82;1;;722
2007;82;2;;575
2007;83;1;;585
2007;83;2;;520
2007;84;1;;588
2007;84;2;;503
2007;85;1;;532
2007;85;2;;502
2007;86;1;;488
2007;86;2;;455
2007;87;1;;417
2007;87;2;;444
2007;88;1;;307
2007;88;2;;335
2007;89;1;;241
2007;89;2;;289
2007;90;1;;162
2007;90;2;;247
2007;91;1;;141
2007;91;2;;209
2007;92;1;;111
2007;92;2;;141
2007;93;1;;68
2007;93;2;;110
2007;94;1;;59
2007;94;2;;86
2007;95;1;;35
2007;95;2;;60
2007;96;1;;27
2007;96;2;;29
2007;97;1;;17
2007;97;2;;27
2007;98;1;;5
2007;98;2;;22
2007;99;1;;4
2007;99;2;;10
2007;100;1;;5
2007;100;2;;14
2008;1;1;;8
2008;1;2;;9
2008;2;1;;11
2008;2;2;;9
2008;3;1;;13
2008;3;2;;7
2008;4;1;;10
2008;4;2;;4
2008;5;1;;5
2008;5;2;;5
2008;6;1;;7
2008;6;2;;2
2008;7;1;;6
2008;7;2;;3
2008;8;1;;6
2008;8;2;;2
2008;9;1;;4
2008;9;2;;4
2008;10;1;;3
2008;10;2;;4
2008;11;1;;5
2008;11;2;;6
2008;12;1;;8
2008;12;2;;6
2008;13;1;;7
2008;13;2;;2
2008;14;1;;8
2008;14;2;;9
2008;15;1;;7
2008;15;2;;4
2008;16;1;;7
2008;16;2;;10
2008;17;1;;16
2008;17;2;;19
2008;18;1;;16
2008;18;2;;14
2008;19;1;;17
2008;19;2;;19
2008;20;1;;20
2008;20;2;;15
2008;21;1;;19
2008;21;2;;31
2008;22;1;;18
2008;22;2;;15
2008;23;1;;17
2008;23;2;;26
2008;24;1;;22
2008;24;2;;19
2008;25;1;;31
2008;25;2;;28
2008;26;1;;31
2008;26;2;;25
2008;27;1;;33
2008;27;2;;38
2008;28;1;;34
2008;28;2;;28
2008;29;1;;36
2008;29;2;;47
2008;30;1;;27
2008;30;2;;41
2008;31;1;;40
2008;31;2;;59
2008;32;1;;47
2008;32;2;;60
2008;33;1;;43
2008;33;2;;75
2008;34;1;;43
2008;34;2;;92
2008;35;1;;49
2008;35;2;;80
2008;36;1;;56
2008;36;2;;77
2008;37;1;;44
2008;37;2;;95
2008;38;1;;65
2008;38;2;;118
2008;39;1;;64
2008;39;2;;109
2008;40;1;;46
2008;40;2;;117
2008;41;1;;71
2008;41;2;;147
2008;42;1;;69
2008;42;2;;166
2008;43;1;;74
2008;43;2;;170
2008;44;1;;83
2008;44;2;;201
2008;45;1;;102
2008;45;2;;193
2008;46;1;;104
2008;46;2;;231
2008;47;1;;109
2008;47;2;;226
2008;48;1;;114
2008;48;2;;229
2008;49;1;;148
2008;49;2;;231
2008;50;1;;158
2008;50;2;;258
2008;51;1;;179
2008;51;2;;281
2008;52;1;;203
2008;52;2;;305
2008;53;1;;215
2008;53;2;;326
2008;54;1;;263
2008;54;2;;336
2008;55;1;;283
2008;55;2;;331
2008;56;1;;342
2008;56;2;;348
2008;57;1;;375
2008;57;2;;405
2008;58;1;;449
2008;58;2;;452
2008;59;1;;534
2008;59;2;;489
2008;60;1;;605
2008;60;2;;543
2008;61;1;;665
2008;61;2;;566
2008;62;1;;747
2008;62;2;;638
2008;63;1;;871
2008;63;2;;644
2008;64;1;;974
2008;64;2;;731
2008;65;1;;861
2008;65;2;;731
2008;66;1;;872
2008;66;2;;690
2008;67;1;;792
2008;67;2;;626
2008;68;1;;804
2008;68;2;;617
2008;69;1;;911
2008;69;2;;660
2008;70;1;;859
2008;70;2;;627
2008;71;1;;838
2008;71;2;;627
2008;72;1;;868
2008;72;2;;622
2008;73;1;;814
2008;73;2;;555
2008;74;1;;780
2008;74;2;;608
2008;75;1;;784
2008;75;2;;547
2008;76;1;;814
2008;76;2;;600
2008;77;1;;790
2008;77;2;;587
2008;78;1;;817
2008;78;2;;612
2008;79;1;;740
2008;79;2;;592
2008;80;1;;690
2008;80;2;;551
2008;81;1;;686
2008;81;2;;569
2008;82;1;;632
2008;82;2;;580
2008;83;1;;618
2008;83;2;;555
2008;84;1;;602
2008;84;2;;554
2008;85;1;;527
2008;85;2;;461
2008;86;1;;482
2008;86;2;;419
2008;87;1;;438
2008;87;2;;416
2008;88;1;;361
2008;88;2;;426
2008;89;1;;239
2008;89;2;;261
2008;90;1;;199
2008;90;2;;216
2008;91;1;;131
2008;91;2;;199
2008;92;1;;102
2008;92;2;;151
2008;93;1;;90
2008;93;2;;119
2008;94;1;;72
2008;94;2;;93
2008;95;1;;32
2008;95;2;;70
2008;96;1;;24
2008;96;2;;40
2008;97;1;;11
2008;97;2;;35
2008;98;1;;10
2008;98;2;;25
2008;99;1;;5
2008;99;2;;10
2008;100;1;;16
2008;100;2;;11
2009;2;1;;15
2009;2;2;;10
2009;3;1;;11
2009;3;2;;8
2009;4;1;;9
2009;4;2;;9
2009;5;1;;2
2009;5;2;;5
2009;6;1;;7
2009;6;2;;4
2009;7;1;;9
2009;7;2;;1
2009;8;1;;5
2009;8;2;;3
2009;9;1;;4
2009;9;2;;5
2009;10;1;;4
2009;10;2;;6
2009;11;1;;6
2009;11;2;;10
2009;12;1;;6
2009;12;2;;3
2009;13;1;;6
2009;13;2;;6
2009;14;1;;8
2009;14;2;;3
2009;15;1;;11
2009;15;2;;12
2009;16;1;;13
2009;16;2;;11
2009;17;1;;34
2009;17;2;;14
2009;18;1;;12
2009;18;2;;19
2009;19;1;;17
2009;19;2;;12
2009;20;1;;21
2009;20;2;;17
2009;21;1;;12
2009;21;2;;21
2009;22;1;;26
2009;22;2;;19
2009;23;1;;30
2009;23;2;;23
2009;24;1;;26
2009;24;2;;27
2009;25;1;;31
2009;25;2;;29
2009;26;1;;28
2009;26;2;;33
2009;27;1;;18
2009;27;2;;31
2009;28;1;;28
2009;28;2;;43
2009;29;1;;31
2009;29;2;;31
2009;30;1;;31
2009;30;2;;53
2009;31;1;;41
2009;31;2;;39
2009;32;1;;38
2009;32;2;;56
2009;33;1;;38
2009;33;2;;71
2009;34;1;;50
2009;34;2;;76
2009;35;1;;54
2009;35;2;;73
2009;36;1;;48
2009;36;2;;73
2009;37;1;;55
2009;37;2;;97
2009;38;1;;58
2009;38;2;;89
2009;39;1;;67
2009;39;2;;102
2009;40;1;;62
2009;40;2;;122
2009;41;1;;79
2009;41;2;;154
2009;42;1;;92
2009;42;2;;170
2009;43;1;;88
2009;43;2;;190
2009;44;1;;103
2009;44;2;;190
2009;45;1;;102
2009;45;2;;242
2009;46;1;;99
2009;46;2;;223
2009;47;1;;110
2009;47;2;;228
2009;48;1;;128
2009;48;2;;247
2009;49;1;;137
2009;49;2;;257
2009;50;1;;165
2009;50;2;;293
2009;51;1;;204
2009;51;2;;280
2009;52;1;;213
2009;52;2;;306
2009;53;1;;242
2009;53;2;;311
2009;54;1;;287
2009;54;2;;336
2009;55;1;;330
2009;55;2;;343
2009;56;1;;344
2009;56;2;;350
2009;57;1;;427
2009;57;2;;428
2009;58;1;;470
2009;58;2;;408
2009;59;1;;562
2009;59;2;;481
2009;60;1;;622
2009;60;2;;510
2009;61;1;;722
2009;61;2;;591
2009;62;1;;797
2009;62;2;;605
2009;63;1;;908
2009;63;2;;698
2009;64;1;;1001
2009;64;2;;733
2009;65;1;;1112
2009;65;2;;750
2009;66;1;;1108
2009;66;2;;750
2009;67;1;;1056
2009;67;2;;734
2009;68;1;;942
2009;68;2;;686
2009;69;1;;927
2009;69;2;;621
2009;70;1;;963
2009;70;2;;648
2009;71;1;;948
2009;71;2;;632
2009;72;1;;930
2009;72;2;;660
2009;73;1;;929
2009;73;2;;644
2009;74;1;;875
2009;74;2;;652
2009;75;1;;876
2009;75;2;;584
2009;76;1;;883
2009;76;2;;583
2009;77;1;;818
2009;77;2;;570
2009;78;1;;842
2009;78;2;;624
2009;79;1;;803
2009;79;2;;665
2009;80;1;;692
2009;80;2;;592
2009;81;1;;711
2009;81;2;;580
2009;82;1;;669
2009;82;2;;586
2009;83;1;;648
2009;83;2;;540
2009;84;1;;613
2009;84;2;;529
2009;85;1;;508
2009;85;2;;459
2009;86;1;;477
2009;86;2;;466
2009;87;1;;405
2009;87;2;;421
2009;88;1;;418
2009;88;2;;386
2009;89;1;;321
2009;89;2;;393
2009;90;1;;223
2009;90;2;;268
2009;91;1;;145
2009;91;2;;220
2009;92;1;;113
2009;92;2;;192
2009;93;1;;72
2009;93;2;;112
2009;94;1;;48
2009;94;2;;100
2009;95;1;;40
2009;95;2;;63
2009;96;1;;28
2009;96;2;;39
2009;97;1;;16
2009;97;2;;49
2009;98;1;;10
2009;98;2;;18
2009;99;1;;4
2009;99;2;;10
2009;100;1;;8
2009;100;2;;17
2010;3;1;0;12
2010;3;2;0;12
2010;4;1;0;12
2010;4;2;0;8
2010;5;1;0;10
2010;5;2;0;5
2010;6;1;0;16
2010;6;2;1;5
2010;7;1;0;6
2010;7;2;0;0
2010;8;1;0;1
2010;8;2;1;11
2010;9;1;0;5
2010;9;2;1;7
2010;10;1;0;6
2010;10;2;0;4
2010;11;1;0;5
2010;11;2;0;4
2010;12;1;0;11
2010;12;2;0;3
2010;13;1;0;3
2010;13;2;1;8
2010;14;1;1;6
2010;14;2;0;9
2010;15;1;0;9
2010;15;2;0;9
2010;16;1;0;20
2010;16;2;0;11
2010;17;1;0;15
2010;17;2;0;19
2010;18;1;1;19
2010;18;2;0;19
2010;19;1;2;31
2010;19;2;2;25
2010;20;1;124;25
2010;20;2;93;19
2010;21;1;128;23
2010;21;2;96;16
2010;22;1;95;24
2010;22;2;77;17
2010;23;1;113;22
2010;23;2;67;29
2010;24;1;93;25
2010;24;2;67;31
2010;25;1;96;24
2010;25;2;93;38
2010;26;1;98;27
2010;26;2;81;35
2010;27;1;96;26
2010;27;2;80;29
2010;28;1;95;34
2010;28;2;74;32
2010;29;1;109;32
2010;29;2;97;38
2010;30;1;105;37
2010;30;2;113;47
2010;31;1;120;40
2010;31;2;90;47
2010;32;1;101;45
2010;32;2;102;63
2010;33;1;117;44
2010;33;2;117;65
2010;34;1;128;37
2010;34;2;96;71
2010;35;1;152;33
2010;35;2;135;76
2010;36;1;157;66
2010;36;2;137;101
2010;37;1;169;43
2010;37;2;164;101
2010;38;1;190;65
2010;38;2;143;104
2010;39;1;163;56
2010;39;2;162;109
2010;40;1;210;50
2010;40;2;162;140
2010;41;1;232;72
2010;41;2;153;146
2010;42;1;276;71
2010;42;2;189;147
2010;43;1;290;75
2010;43;2;223;162
2010;44;1;372;100
2010;44;2;254;215
2010;45;1;404;102
2010;45;2;224;220
2010;46;1;460;133
2010;46;2;297;238
2010;47;1;444;106
2010;47;2;280;230
2010;48;1;487;148
2010;48;2;303;260
2010;49;1;475;139
2010;49;2;295;293
2010;50;1;578;144
2010;50;2;327;273
2010;51;1;575;178
2010;51;2;356;279
2010;52;1;613;218
2010;52;2;398;305
2010;53;1;735;242
2010;53;2;411;335
2010;54;1;847;297
2010;54;2;442;306
2010;55;1;737;325
2010;55;2;470;355
2010;56;1;870;329
2010;56;2;454;376
2010;57;1;975;432
2010;57;2;528;406
2010;58;1;1020;457
2010;58;2;555;436
2010;59;1;1162;511
2010;59;2;631;484
2010;60;1;1335;563
2010;60;2;723;535
2010;61;1;1353;703
2010;61;2;753;599
2010;62;1;1487;764
2010;62;2;831;636
2010;63;1;1565;813
2010;63;2;951;715
2010;64;1;1804;944
2010;64;2;1021;749
2010;65;1;2017;1048
2010;65;2;1119;741
2010;66;1;1984;1131
2010;66;2;1184;798
2010;67;1;1866;1099
2010;67;2;1261;771
2010;68;1;1852;1102
2010;68;2;1163;741
2010;69;1;1746;945
2010;69;2;1142;656
2010;70;1;1885;950
2010;70;2;1162;664
2010;71;1;1800;927
2010;71;2;1357;685
2010;72;1;1797;949
2010;72;2;1315;679
2010;73;1;1748;970
2010;73;2;1339;670
2010;74;1;1647;901
2010;74;2;1322;659
2010;75;1;1782;892
2010;75;2;1453;582
2010;76;1;1725;816
2010;76;2;1361;594
2010;77;1;1624;844
2010;77;2;1557;544
2010;78;1;1660;830
2010;78;2;1583;625
2010;79;1;1625;775
2010;79;2;1701;559
2010;80;1;1644;760
2010;80;2;1735;606
2010;81;1;1552;712
2010;81;2;1619;611
2010;82;1;1597;709
2010;82;2;1799;612
2010;83;1;1482;628
2010;83;2;1744;532
2010;84;1;1344;599
2010;84;2;1842;487
2010;85;1;1312;523
2010;85;2;1769;517
2010;86;1;1190;452
2010;86;2;1730;453
2010;87;1;1171;466
2010;87;2;1666;404
2010;88;1;1024;353
2010;88;2;1605;353
2010;89;1;914;285
2010;89;2;1530;346
2010;90;1;826;220
2010;90;2;1443;311
2010;91;1;565;171
2010;91;2;1063;195
2010;92;1;471;129
2010;92;2;867;172
2010;93;1;353;86
2010;93;2;707;147
2010;94;1;284;58
2010;94;2;571;107
2010;95;1;169;38
2010;95;2;440;84
2010;96;1;125;39
2010;96;2;360;66
2010;97;1;83;14
2010;97;2;237;34
2010;98;1;53;12
2010;98;2;140;26
2010;99;1;34;5
2010;99;2;100;11
2010;100;1;41;7
2010;100;2;144;19
2011;4;1;0;6
2011;4;2;0;12
2011;5;1;0;7
2011;5;2;0;6
2011;6;1;0;6
2011;6;2;0;2
2011;7;1;0;6
2011;7;2;0;6
2011;8;1;0;4
2011;8;2;0;5
2011;9;1;0;5
2011;9;2;0;3
2011;10;1;1;8
2011;10;2;0;6
2011;11;1;0;4
2011;11;2;0;7
2011;12;1;0;8
2011;12;2;0;5
2011;13;1;0;9
2011;13;2;0;13
2011;14;1;0;14
2011;14;2;0;8
2011;15;1;0;11
2011;15;2;0;3
2011;16;1;0;9
2011;16;2;0;9
2011;17;1;0;17
2011;17;2;0;15
2011;18;1;1;17
2011;18;2;1;18
2011;19;1;1;18
2011;19;2;1;18
2011;20;1;133;25
2011;20;2;103;22
2011;21;1;134;16
2011;21;2;105;12
2011;22;1;125;20
2011;22;2;84;16
2011;23;1;122;21
2011;23;2;85;30
2011;24;1;105;29
2011;24;2;100;27
2011;25;1;129;29
2011;25;2;78;36
2011;26;1;106;29
2011;26;2;75;34
2011;27;1;111;26
2011;27;2;103;30
2011;28;1;113;30
2011;28;2;85;38
2011;29;1;104;36
2011;29;2;101;51
2011;30;1;118;28
2011;30;2;80;58
2011;31;1;113;37
2011;31;2;117;63
2011;32;1;136;55
2011;32;2;123;75
2011;33;1;115;62
2011;33;2;125;62
2011;34;1;155;53
2011;34;2;112;76
2011;35;1;165;48
2011;35;2;113;81
2011;36;1;185;68
2011;36;2;130;90
2011;37;1;186;64
2011;37;2;168;102
2011;38;1;186;61
2011;38;2;164;105
2011;39;1;179;66
2011;39;2;141;155
2011;40;1;262;72
2011;40;2;199;167
2011;41;1;249;66
2011;41;2;216;148
2011;42;1;260;63
2011;42;2;210;185
2011;43;1;311;89
2011;43;2;209;177
2011;44;1;345;92
2011;44;2;241;203
2011;45;1;371;106
2011;45;2;272;218
2011;46;1;425;129
2011;46;2;267;257
2011;47;1;467;138
2011;47;2;316;276
2011;48;1;501;123
2011;48;2;278;278
2011;49;1;478;158
2011;49;2;332;270
2011;50;1;583;187
2011;50;2;344;312
2011;51;1;577;194
2011;51;2;349;328
2011;52;1;636;208
2011;52;2;401;328
2011;53;1;725;236
2011;53;2;440;318
2011;54;1;778;292
2011;54;2;448;356
2011;55;1;890;330
2011;55;2;493;381
2011;56;1;942;354
2011;56;2;484;400
2011;57;1;959;420
2011;57;2;549;420
2011;58;1;1090;481
2011;58;2;574;442
2011;59;1;1142;488
2011;59;2;614;472
2011;60;1;1215;549
2011;60;2;708;503
2011;61;1;1370;657
2011;61;2;756;507
2011;62;1;1428;765
2011;62;2;821;602
2011;63;1;1634;786
2011;63;2;960;633
2011;64;1;1736;935
2011;64;2;1017;719
2011;65;1;2154;1033
2011;65;2;1135;745
2011;66;1;2086;1153
2011;66;2;1243;810
2011;67;1;2138;1225
2011;67;2;1277;864
2011;68;1;2046;1099
2011;68;2;1365;871
2011;69;1;1985;1096
2011;69;2;1324;798
2011;70;1;1853;1015
2011;70;2;1219;717
2011;71;1;1793;973
2011;71;2;1319;721
2011;72;1;1833;1026
2011;72;2;1340;727
2011;73;1;1833;992
2011;73;2;1380;702
2011;74;1;1784;919
2011;74;2;1395;701
2011;75;1;1829;976
2011;75;2;1506;683
2011;76;1;1680;888
2011;76;2;1450;628
2011;77;1;1657;777
2011;77;2;1498;586
2011;78;1;1640;810
2011;78;2;1467;598
2011;79;1;1669;759
2011;79;2;1673;642
2011;80;1;1587;767
2011;80;2;1615;629
2011;81;1;1544;785
2011;81;2;1674;611
2011;82;1;1469;670
2011;82;2;1726;608
2011;83;1;1450;653
2011;83;2;1806;588
2011;84;1;1397;541
2011;84;2;1714;506
2011;85;1;1353;603
2011;85;2;1713;492
2011;86;1;1292;500
2011;86;2;1706;490
2011;87;1;1088;438
2011;87;2;1606;425
2011;88;1;1046;387
2011;88;2;1574;426
2011;89;1;885;307
2011;89;2;1375;341
2011;90;1;769;227
2011;90;2;1416;276
2011;91;1;651;202
2011;91;2;1219;287
2011;92;1;479;137
2011;92;2;877;164
2011;93;1;364;99
2011;93;2;722;135
2011;94;1;261;68
2011;94;2;596;104
2011;95;1;182;37
2011;95;2;446;82
2011;96;1;129;41
2011;96;2;323;60
2011;97;1;84;20
2011;97;2;231;52
2011;98;1;56;11
2011;98;2;179;22
2011;99;1;32;6
2011;99;2;110;11
2011;100;1;36;8
2011;100;2;144;19
2012;5;1;0;7
2012;5;2;0;9
2012;6;1;0;10
2012;6;2;0;5
2012;7;1;0;8
2012;7;2;0;4
2012;8;1;0;11
2012;8;2;0;6
2012;9;1;1;9
2012;9;2;0;7
2012;10;1;0;4
2012;10;2;1;3
2012;11;1;0;4
2012;11;2;0;7
2012;12;1;0;4
2012;12;2;0;3
2012;13;1;1;5
2012;13;2;0;7
2012;14;1;0;10
2012;14;2;0;12
2012;15;1;0;6
2012;15;2;1;6
2012;16;1;0;19
2012;16;2;1;8
2012;17;1;2;7
2012;17;2;1;15
2012;18;1;0;21
2012;18;2;0;18
2012;19;1;0;24
2012;19;2;0;10
2012;20;1;129;20
2012;20;2;86;20
2012;21;1;126;25
2012;21;2;98;22
2012;22;1;143;24
2012;22;2;106;18
2012;23;1;122;23
2012;23;2;108;39
2012;24;1;107;19
2012;24;2;101;34
2012;25;1;113;24
2012;25;2;117;39
2012;26;1;127;30
2012;26;2;100;41
2012;27;1;90;32
2012;27;2;72;41
2012;28;1;113;29
2012;28;2;109;39
2012;29;1;111;41
2012;29;2;102;42
2012;30;1;137;36
2012;30;2;114;71
2012;31;1;119;35
2012;31;2;109;56
2012;32;1;125;39
2012;32;2;113;83
2012;33;1;130;42
2012;33;2;136;53
2012;34;1;125;48
2012;34;2;125;81
2012;35;1;156;42
2012;35;2;134;79
2012;36;1;177;64
2012;36;2;163;94
2012;37;1;162;52
2012;37;2;134;92
2012;38;1;204;73
2012;38;2;176;138
2012;39;1;220;70
2012;39;2;170;132
2012;40;1;230;78
2012;40;2;167;142
2012;41;1;276;79
2012;41;2;178;136
2012;42;1;281;86
2012;42;2;197;147
2012;43;1;286;93
2012;43;2;215;147
2012;44;1;358;101
2012;44;2;236;201
2012;45;1;382;96
2012;45;2;268;220
2012;46;1;423;103
2012;46;2;264;256
2012;47;1;482;129
2012;47;2;294;296
2012;48;1;551;147
2012;48;2;314;310
2012;49;1;553;163
2012;49;2;364;278
2012;50;1;535;170
2012;50;2;341;309
2012;51;1;598;227
2012;51;2;337;330
2012;52;1;641;227
2012;52;2;393;313
2012;53;1;707;232
2012;53;2;391;344
2012;54;1;811;291
2012;54;2;427;359
2012;55;1;803;324
2012;55;2;451;363
2012;56;1;938;349
2012;56;2;512;378
2012;57;1;986;371
2012;57;2;540;398
2012;58;1;1011;442
2012;58;2;563;422
2012;59;1;1075;489
2012;59;2;623;452
2012;60;1;1240;554
2012;60;2;700;506
2012;61;1;1251;596
2012;61;2;755;523
2012;62;1;1451;714
2012;62;2;789;620
2012;63;1;1589;747
2012;63;2;944;644
2012;64;1;1679;901
2012;64;2;1082;733
2012;65;1;2076;972
2012;65;2;1101;762
2012;66;1;2032;1100
2012;66;2;1160;837
2012;67;1;2019;1117
2012;67;2;1262;816
2012;68;1;2082;1155
2012;68;2;1351;856
2012;69;1;2066;1133
2012;69;2;1361;869
2012;70;1;2083;1094
2012;70;2;1368;786
2012;71;1;1857;990
2012;71;2;1279;756
2012;72;1;1723;941
2012;72;2;1316;733
2012;73;1;1828;971
2012;73;2;1413;737
2012;74;1;1870;930
2012;74;2;1431;713
2012;75;1;1696;902
2012;75;2;1459;625
2012;76;1;1788;862
2012;76;2;1381;635
2012;77;1;1677;819
2012;77;2;1482;628
2012;78;1;1616;723
2012;78;2;1492;637
2012;79;1;1539;764
2012;79;2;1478;585
2012;80;1;1639;780
2012;80;2;1625;581
2012;81;1;1454;708
2012;81;2;1655;621
2012;82;1;1548;681
2012;82;2;1797;588
2012;83;1;1466;612
2012;83;2;1718;537
2012;84;1;1353;594
2012;84;2;1769;540
2012;85;1;1308;461
2012;85;2;1674;483
2012;86;1;1210;491
2012;86;2;1690;464
2012;87;1;1125;384
2012;87;2;1579;426
2012;88;1;979;349
2012;88;2;1552;373
2012;89;1;891;325
2012;89;2;1389;346
2012;90;1;746;228
2012;90;2;1224;246
2012;91;1;690;235
2012;91;2;1208;246
2012;92;1;586;179
2012;92;2;1085;253
2012;93;1;359;102
2012;93;2;726;148
2012;94;1;246;74
2012;94;2;620;124
2012;95;1;191;50
2012;95;2;457;105
2012;96;1;144;23
2012;96;2;335;64
2012;97;1;85;12
2012;97;2;199;42
2012;98;1;57;17
2012;98;2;176;28
2012;99;1;31;8
2012;99;2;139;17
2012;100;1;47;11
2012;100;2;185;27
2013;6;1;0;10
2013;6;2;0;10
2013;7;1;0;7
2013;7;2;0;8
2013;8;1;0;5
2013;8;2;0;6
2013;9;1;0;8
2013;9;2;0;6
2013;10;1;0;8
2013;10;2;0;3
2013;11;1;0;13
2013;11;2;0;4
2013;12;1;0;6
2013;12;2;0;7
2013;13;1;1;8
2013;13;2;0;8
2013;14;1;0;8
2013;14;2;1;8
2013;15;1;0;10
2013;15;2;0;5
2013;16;1;0;11
2013;16;2;0;8
2013;17;1;1;11
2013;17;2;0;16
2013;18;1;0;19
2013;18;2;0;11
2013;19;1;0;18
2013;19;2;1;17
2013;20;1;128;33
2013;20;2;80;18
2013;21;1;129;30
2013;21;2;96;28
2013;22;1;116;24
2013;22;2;104;20
2013;23;1;137;35
2013;23;2;94;26
2013;24;1;130;29
2013;24;2;98;34
2013;25;1;125;26
2013;25;2;107;33
2013;26;1;102;34
2013;26;2;112;47
2013;27;1;106;32
2013;27;2;111;44
2013;28;1;123;39
2013;28;2;113;49
2013;29;1;120;35
2013;29;2;97;51
2013;30;1;140;39
2013;30;2;90;55
2013;31;1;112;44
2013;31;2;108;77
2013;32;1;120;43
2013;32;2;136;78
2013;33;1;143;46
2013;33;2;107;77
2013;34;1;136;42
2013;34;2;131;83
2013;35;1;149;45
2013;35;2;124;63
2013;36;1;173;40
2013;36;2;133;102
2013;37;1;177;56
2013;37;2;148;111
2013;38;1;165;80
2013;38;2;146;112
2013;39;1;233;76
2013;39;2;190;101
2013;40;1;255;85
2013;40;2;192;141
2013;41;1;263;74
2013;41;2;179;164
2013;42;1;284;100
2013;42;2;221;195
2013;43;1;310;90
2013;43;2;229;192
2013;44;1;324;96
2013;44;2;213;198
2013;45;1;380;111
2013;45;2;243;247
2013;46;1;444;129
2013;46;2;273;264
2013;47;1;453;127
2013;47;2;318;299
2013;48;1;522;172
2013;48;2;308;346
2013;49;1;568;176
2013;49;2;371;299
2013;50;1;566;201
2013;50;2;359;316
2013;51;1;601;220
2013;51;2;373;311
2013;52;1;653;234
2013;52;2;392;316
2013;53;1;662;286
2013;53;2;415;328
2013;54;1;761;259
2013;54;2;427;332
2013;55;1;816;340
2013;55;2;468;342
2013;56;1;886;370
2013;56;2;506;400
2013;57;1;928;405
2013;57;2;500;401
2013;58;1;1084;445
2013;58;2;615;427
2013;59;1;1104;527
2013;59;2;592;445
2013;60;1;1212;561
2013;60;2;723;518
2013;61;1;1268;633
2013;61;2;719;517
2013;62;1;1389;688
2013;62;2;747;545
2013;63;1;1498;759
2013;63;2;872;619
2013;64;1;1738;912
2013;64;2;981;672
2013;65;1;2089;977
2013;65;2;1116;720
2013;66;1;1941;1070
2013;66;2;1192;839
2013;67;1;2041;1210
2013;67;2;1310;900
2013;68;1;2168;1241
2013;68;2;1330;936
2013;69;1;2148;1384
2013;69;2;1468;919
2013;70;1;2264;1242
2013;70;2;1397;905
2013;71;1;2029;1096
2013;71;2;1413;786
2013;72;1;1855;1031
2013;72;2;1412;736
2013;73;1;1808;976
2013;73;2;1382;770
2013;74;1;1897;1009
2013;74;2;1459;776
2013;75;1;1900;1003
2013;75;2;1479;667
2013;76;1;1807;959
2013;76;2;1534;718
2013;77;1;1767;887
2013;77;2;1519;677
2013;78;1;1520;849
2013;78;2;1450;616
2013;79;1;1478;780
2013;79;2;1445;627
2013;80;1;1498;750
2013;80;2;1492;633
2013;81;1;1518;745
2013;81;2;1598;649
2013;82;1;1402;693
2013;82;2;1664;551
2013;83;1;1451;676
2013;83;2;1694;631
2013;84;1;1303;626
2013;84;2;1605;599
2013;85;1;1316;573
2013;85;2;1635;533
2013;86;1;1114;462
2013;86;2;1509;487
2013;87;1;1053;432
2013;87;2;1476;429
2013;88;1;946;391
2013;88;2;1491;369
2013;89;1;823;302
2013;89;2;1422;363
2013;90;1;795;265
2013;90;2;1223;288
2013;91;1;605;195
2013;91;2;1095;235
2013;92;1;562;162
2013;92;2;1024;234
2013;93;1;451;130
2013;93;2;904;194
2013;94;1;265;80
2013;94;2;600;116
2013;95;1;202;61
2013;95;2;432;69
2013;96;1;140;35
2013;96;2;341;49
2013;97;1;81;22
2013;97;2;243;45
2013;98;1;47;7
2013;98;2;174;29
2013;99;1;39;8
2013;99;2;131;18
2013;100;1;34;13
2013;100;2;167;26
2014;7;1;0;7
2014;7;2;0;3
2014;8;1;0;7
2014;8;2;0;4
2014;9;1;1;10
2014;9;2;1;1
2014;10;1;0;6
2014;10;2;0;7
2014;11;1;0;6
2014;11;2;0;5
2014;12;1;0;1
2014;12;2;0;6
2014;13;1;0;5
2014;13;2;1;9
2014;14;1;1;11
2014;14;2;0;11
2014;15;1;0;9
2014;15;2;0;10
2014;16;1;0;14
2014;16;2;0;9
2014;17;1;1;15
2014;17;2;0;18
2014;18;1;1;16
2014;18;2;1;13
2014;19;1;113;18
2014;19;2;91;8
2014;20;1;117;20
2014;20;2;73;24
2014;21;1;139;32
2014;21;2;89;18
2014;22;1;129;31
2014;22;2;82;24
2014;23;1;136;32
2014;23;2;120;30
2014;24;1;150;39
2014;24;2;119;36
2014;25;1;118;25
2014;25;2;109;31
2014;26;1;136;44
2014;26;2;122;48
2014;27;1;124;40
2014;27;2;109;53
2014;28;1;137;40
2014;28;2;103;47
2014;29;1;123;38
2014;29;2;121;58
2014;30;1;116;37
2014;30;2;115;78
2014;31;1;137;43
2014;31;2;111;71
2014;32;1;136;39
2014;32;2;129;77
2014;33;1;135;55
2014;33;2;124;74
2014;34;1;139;48
2014;34;2;138;92
2014;35;1;151;61
2014;35;2;140;92
2014;36;1;159;58
2014;36;2;147;89
2014;37;1;164;42
2014;37;2;153;107
2014;38;1;169;67
2014;38;2;165;117
2014;39;1;200;81
2014;39;2;171;151
2014;40;1;230;78
2014;40;2;187;163
2014;41;1;249;84
2014;41;2;188;147
2014;42;1;296;81
2014;42;2;216;184
2014;43;1;310;88
2014;43;2;225;209
2014;44;1;316;101
2014;44;2;230;190
2014;45;1;350;84
2014;45;2;247;217
2014;46;1;409;130
2014;46;2;259;266
2014;47;1;444;120
2014;47;2;315;284
2014;48;1;545;140
2014;48;2;338;300
2014;49;1;603;176
2014;49;2;359;336
2014;50;1;678;182
2014;50;2;395;348
2014;51;1;689;229
2014;51;2;388;308
2014;52;1;712;260
2014;52;2;418;300
2014;53;1;746;299
2014;53;2;396;338
2014;54;1;784;311
2014;54;2;483;328
2014;55;1;795;327
2014;55;2;507;361
2014;56;1;941;375
2014;56;2;472;366
2014;57;1;1035;425
2014;57;2;541;457
2014;58;1;1054;489
2014;58;2;591;439
2014;59;1;1223;536
2014;59;2;697;469
2014;60;1;1214;634
2014;60;2;701;506
2014;61;1;1293;716
2014;61;2;744;575
2014;62;1;1373;699
2014;62;2;786;562
2014;63;1;1416;802
2014;63;2;837;573
2014;64;1;1527;874
2014;64;2;914;686
2014;65;1;1928;1026
2014;65;2;1085;719
2014;66;1;1841;1127
2014;66;2;1197;842
2014;67;1;2038;1285
2014;67;2;1241;830
2014;68;1;2113;1272
2014;68;2;1409;911
2014;69;1;2247;1471
2014;69;2;1477;976
2014;70;1;2253;1458
2014;70;2;1601;977
2014;71;1;2226;1331
2014;71;2;1583;972
2014;72;1;2088;1227
2014;72;2;1463;911
2014;73;1;1948;1075
2014;73;2;1446;801
2014;74;1;1924;1058
2014;74;2;1355;832
2014;75;1;1896;1044
2014;75;2;1580;749
2014;76;1;1801;1004
2014;76;2;1533;713
2014;77;1;1808;997
2014;77;2;1541;676
2014;78;1;1725;927
2014;78;2;1580;692
2014;79;1;1569;855
2014;79;2;1548;639
2014;80;1;1463;731
2014;80;2;1572;614
2014;81;1;1473;759
2014;81;2;1485;599
2014;82;1;1533;706
2014;82;2;1558;616
2014;83;1;1402;663
2014;83;2;1609;554
2014;84;1;1344;650
2014;84;2;1590;580
2014;85;1;1202;593
2014;85;2;1571;508
2014;86;1;1132;503
2014;86;2;1628;519
2014;87;1;1024;455
2014;87;2;1472;455
2014;88;1;920;396
2014;88;2;1442;405
2014;89;1;775;288
2014;89;2;1321;347
2014;90;1;715;260
2014;90;2;1149;313
2014;91;1;601;239
2014;91;2;1079;270
2014;92;1;525;177
2014;92;2;1038;236
2014;93;1;427;142
2014;93;2;817;190
2014;94;1;305;104
2014;94;2;754;169
2014;95;1;201;70
2014;95;2;475;90
2014;96;1;146;43
2014;96;2;321;66
2014;97;1;99;30
2014;97;2;255;49
2014;98;1;61;15
2014;98;2;155;37
2014;99;1;31;3
2014;99;2;100;25
2014;100;1;45;18
2014;100;2;168;31
2015;8;1;0;3
2015;8;2;0;2
2015;9;1;0;6
2015;9;2;0;2
2015;10;1;0;2
2015;10;2;0;5
2015;11;1;0;4
2015;11;2;0;4
2015;12;1;1;10
2015;12;2;0;7
2015;13;1;0;10
2015;13;2;0;11
2015;14;1;0;6
2015;14;2;0;2
2015;15;1;0;14
2015;15;2;0;7
2015;16;1;0;11
2015;16;2;0;19
2015;17;1;0;15
2015;17;2;1;15
2015;18;1;0;15
2015;18;2;0;15
2015;19;1;92;13
2015;19;2;77;11
2015;20;1;134;18
2015;20;2;77;20
2015;21;1;110;22
2015;21;2;93;25
2015;22;1;112;22
2015;22;2;85;24
2015;23;1;148;32
2015;23;2;101;36
2015;24;1;132;33
2015;24;2;112;38
2015;25;1;140;45
2015;25;2;102;28
2015;26;1;118;41
2015;26;2;96;49
2015;27;1;145;36
2015;27;2;121;52
2015;28;1;109;29
2015;28;2;100;43
2015;29;1;123;30
2015;29;2;109;48
2015;30;1;109;33
2015;30;2;111;70
2015;31;1;119;55
2015;31;2;127;63
2015;32;1;119;47
2015;32;2;103;72
2015;33;1;139;42
2015;33;2;112;60
2015;34;1;141;55
2015;34;2;120;83
2015;35;1;139;55
2015;35;2;136;102
2015;36;1;150;63
2015;36;2;137;112
2015;37;1;186;56
2015;37;2;148;108
2015;38;1;167;61
2015;38;2;172;157
2015;39;1;177;63
2015;39;2;181;132
2015;40;1;239;69
2015;40;2;150;175
2015;41;1;260;80
2015;41;2;205;141
2015;42;1;256;90
2015;42;2;182;186
2015;43;1;281;95
2015;43;2;204;186
2015;44;1;340;111
2015;44;2;237;219
2015;45;1;361;94
2015;45;2;224;248
2015;46;1;379;124
2015;46;2;238;245
2015;47;1;428;137
2015;47;2;322;248
2015;48;1;531;162
2015;48;2;287;307
2015;49;1;548;166
2015;49;2;387;329
2015;50;1;590;203
2015;50;2;403;353
2015;51;1;645;210
2015;51;2;421;343
2015;52;1;660;263
2015;52;2;397;363
2015;53;1;703;264
2015;53;2;404;349
2015;54;1;777;303
2015;54;2;466;313
2015;55;1;818;310
2015;55;2;451;355
2015;56;1;935;393
2015;56;2;479;382
2015;57;1;942;381
2015;57;2;553;391
2015;58;1;1027;482
2015;58;2;577;466
2015;59;1;1112;537
2015;59;2;641;517
2015;60;1;1226;635
2015;60;2;615;511
2015;61;1;1206;644
2015;61;2;752;533
2015;62;1;1321;710
2015;62;2;784;543
2015;63;1;1418;742
2015;63;2;795;641
2015;64;1;1472;816
2015;64;2;892;623
2015;65;1;1875;964
2015;65;2;1020;718
2015;66;1;1808;1028
2015;66;2;1026;776
2015;67;1;1850;1180
2015;67;2;1216;786
2015;68;1;1977;1226
2015;68;2;1296;887
2015;69;1;2139;1296
2015;69;2;1486;994
2015;70;1;2175;1313
2015;70;2;1445;958
2015;71;1;2204;1351
2015;71;2;1578;1024
2015;72;1;2177;1356
2015;72;2;1610;994
2015;73;1;2180;1299
2015;73;2;1553;866
2015;74;1;1901;1155
2015;74;2;1394;828
2015;75;1;1907;1156
2015;75;2;1524;739
2015;76;1;1859;1052
2015;76;2;1488;707
2015;77;1;1726;1020
2015;77;2;1581;759
2015;78;1;1710;990
2015;78;2;1534;740
2015;79;1;1655;913
2015;79;2;1546;712
2015;80;1;1542;832
2015;80;2;1519;637
2015;81;1;1342;745
2015;81;2;1488;625
2015;82;1;1390;752
2015;82;2;1515;585
2015;83;1;1349;722
2015;83;2;1564;625
2015;84;1;1322;654
2015;84;2;1622;584
2015;85;1;1304;637
2015;85;2;1598;497
2015;86;1;1145;509
2015;86;2;1505;517
2015;87;1;985;466
2015;87;2;1517;431
2015;88;1;889;348
2015;88;2;1385;389
2015;89;1;868;332
2015;89;2;1271;333
2015;90;1;724;284
2015;90;2;1150;292
2015;91;1;567;190
2015;91;2;1059;269
2015;92;1;527;193
2015;92;2;925;229
2015;93;1;391;133
2015;93;2;793;176
2015;94;1;294;95
2015;94;2;674;137
2015;95;1;250;90
2015;95;2;546;112
2015;96;1;127;62
2015;96;2;377;71
2015;97;1;96;24
2015;97;2;259;40
2015;98;1;64;19
2015;98;2;181;20
2015;99;1;32;14
2015;99;2;92;15
2015;100;1;46;9
2015;100;2;175;33
2016;9;1;0;3
2016;9;2;0;7
2016;10;1;0;4
2016;10;2;0;1
2016;11;1;0;8
2016;11;2;0;5
2016;12;1;0;4
2016;12;2;0;7
2016;13;1;0;4
2016;13;2;0;6
2016;14;1;0;7
2016;14;2;0;3
2016;15;1;0;8
2016;15;2;0;6
2016;16;1;0;7
2016;16;2;0;12
2016;17;1;0;12
2016;17;2;0;11
2016;18;1;0;14
2016;18;2;1;16
2016;19;1;116;20
2016;19;2;101;16
2016;20;1;107;18
2016;20;2;84;16
2016;21;1;123;21
2016;21;2;72;20
2016;22;1;118;14
2016;22;2;93;21
2016;23;1;123;18
2016;23;2;97;25
2016;24;1;136;35
2016;24;2;97;24
2016;25;1;122;34
2016;25;2;119;34
2016;26;1;133;48
2016;26;2;126;46
2016;27;1;133;34
2016;27;2;121;60
2016;28;1;110;27
2016;28;2;110;51
2016;29;1;111;37
2016;29;2;110;48
2016;30;1;123;39
2016;30;2;101;67
2016;31;1;135;58
2016;31;2;106;70
2016;32;1;147;45
2016;32;2;114;75
2016;33;1;145;46
2016;33;2;114;84
2016;34;1;146;41
2016;34;2;150;78
2016;35;1;144;39
2016;35;2;146;101
2016;36;1;173;64
2016;36;2;141;100
2016;37;1;183;56
2016;37;2;150;135
2016;38;1;208;54
2016;38;2;162;124
2016;39;1;210;69
2016;39;2;180;122
2016;40;1;225;65
2016;40;2;173;162
2016;41;1;274;81
2016;41;2;184;174
2016;42;1;261;79
2016;42;2;204;180
2016;43;1;346;91
2016;43;2;228;198
2016;44;1;341;100
2016;44;2;233;230
2016;45;1;387;108
2016;45;2;254;230
2016;46;1;414;129
2016;46;2;263;243
2016;47;1;428;133
2016;47;2;253;244
2016;48;1;489;152
2016;48;2;304;308
2016;49;1;524;201
2016;49;2;346;283
2016;50;1;641;227
2016;50;2;375;342
2016;51;1;637;216
2016;51;2;406;354
2016;52;1;721;277
2016;52;2;472;359
2016;53;1;708;269
2016;53;2;445;362
2016;54;1;761;312
2016;54;2;425;377
2016;55;1;852;316
2016;55;2;444;365
2016;56;1;872;351
2016;56;2;478;365
2016;57;1;969;408
2016;57;2;510;371
2016;58;1;1024;476
2016;58;2;589;388
2016;59;1;1154;506
2016;59;2;636;480
2016;60;1;1114;598
2016;60;2;684;527
2016;61;1;1185;661
2016;61;2;648;550
2016;62;1;1341;704
2016;62;2;710;546
2016;63;1;1382;779
2016;63;2;866;607
2016;64;1;1479;830
2016;64;2;951;592
2016;65;1;1784;859
2016;65;2;896;659
2016;66;1;1714;975
2016;66;2;995;707
2016;67;1;1778;1101
2016;67;2;1191;827
2016;68;1;1963;1210
2016;68;2;1263;883
2016;69;1;2064;1283
2016;69;2;1397;946
2016;70;1;2215;1385
2016;70;2;1607;980
2016;71;1;2302;1334
2016;71;2;1591;987
2016;72;1;2368;1469
2016;72;2;1789;1030
2016;73;1;2260;1397
2016;73;2;1780;1033
2016;74;1;2166;1388
2016;74;2;1599;938
2016;75;1;1892;1085
2016;75;2;1525;804
2016;76;1;1891;1087
2016;76;2;1481;740
2016;77;1;1856;1131
2016;77;2;1589;742
2016;78;1;1817;1066
2016;78;2;1625;716
2016;79;1;1651;994
2016;79;2;1597;799
2016;80;1;1551;853
2016;80;2;1533;681
2016;81;1;1508;782
2016;81;2;1543;671
2016;82;1;1419;805
2016;82;2;1540;595
2016;83;1;1349;697
2016;83;2;1458;557
2016;84;1;1277;677
2016;84;2;1562;590
2016;85;1;1205;616
2016;85;2;1538;535
2016;86;1;1160;572
2016;86;2;1566;518
2016;87;1;983;422
2016;87;2;1427;471
2016;88;1;985;418
2016;88;2;1346;426
2016;89;1;771;354
2016;89;2;1223;380
2016;90;1;681;265
2016;90;2;1159;368
2016;91;1;640;225
2016;91;2;1072;271
2016;92;1;513;184
2016;92;2;871;219
2016;93;1;388;138
2016;93;2;807;189
2016;94;1;298;100
2016;94;2;603;142
2016;95;1;247;71
2016;95;2;516;129
2016;96;1;171;59
2016;96;2;439;89
2016;97;1;108;24
2016;97;2;225;50
2016;98;1;62;20
2016;98;2;174;30
2016;99;1;27;12
2016;99;2;111;18
2016;100;1;39;15
2016;100;2;165;36
2017;10;1;0;8
2017;10;2;0;7
2017;11;1;0;3
2017;11;2;1;9
2017;12;1;0;10
2017;12;2;1;7
2017;13;1;1;12
2017;13;2;0;5
2017;14;1;0;7
2017;14;2;0;16
2017;15;1;0;15
2017;15;2;0;8
2017;16;1;0;10
2017;16;2;0;9
2017;17;1;1;13
2017;17;2;1;15
2017;18;1;1;17
2017;18;2;0;18
2017;19;1;122;15
2017;19;2;69;14
2017;20;1;105;12
2017;20;2;77;16
2017;21;1;114;23
2017;21;2;74;19
2017;22;1;107;20
2017;22;2;99;26
2017;23;1;104;18
2017;23;2;93;35
2017;24;1;107;39
2017;24;2;98;29
2017;25;1;133;32
2017;25;2;115;44
2017;26;1;146;29
2017;26;2;93;35
2017;27;1;137;43
2017;27;2;124;53
2017;28;1;128;23
2017;28;2;127;55
2017;29;1;120;43
2017;29;2;116;73
2017;30;1;141;37
2017;30;2;134;59
2017;31;1;146;42
2017;31;2;138;72
2017;32;1;145;53
2017;32;2;113;94
2017;33;1;143;55
2017;33;2;133;76
2017;34;1;156;45
2017;34;2;135;91
2017;35;1;152;58
2017;35;2;133;87
2017;36;1;162;62
2017;36;2;136;88
2017;37;1;167;61
2017;37;2;164;101
2017;38;1;175;71
2017;38;2;155;109
2017;39;1;184;53
2017;39;2;151;110
2017;40;1;205;78
2017;40;2;168;176
2017;41;1;237;66
2017;41;2;187;160
2017;42;1;265;88
2017;42;2;197;175
2017;43;1;315;82
2017;43;2;215;186
2017;44;1;338;107
2017;44;2;237;203
2017;45;1;357;134
2017;45;2;245;238
2017;46;1;453;126
2017;46;2;274;259
2017;47;1;393;141
2017;47;2;265;248
2017;48;1;438;162
2017;48;2;283;259
2017;49;1;503;174
2017;49;2;331;311
2017;50;1;576;200
2017;50;2;370;342
2017;51;1;701;232
2017;51;2;382;344
2017;52;1;770;295
2017;52;2;417;360
2017;53;1;812;293
2017;53;2;464;378
2017;54;1;828;276
2017;54;2;496;361
2017;55;1;854;319
2017;55;2;478;382
2017;56;1;894;386
2017;56;2;482;339
2017;57;1;992;428
2017;57;2;498;443
2017;58;1;1035;474
2017;58;2;585;449
2017;59;1;1107;496
2017;59;2;626;475
2017;60;1;1216;577
2017;60;2;688;503
2017;61;1;1319;731
2017;61;2;657;521
2017;62;1;1322;640
2017;62;2;729;590
2017;63;1;1348;752
2017;63;2;789;573
2017;64;1;1505;839
2017;64;2;884;628
2017;65;1;1747;823
2017;65;2;938;626
2017;66;1;1609;975
2017;66;2;1043;681
2017;67;1;1635;1085
2017;67;2;1092;787
2017;68;1;1795;1186
2017;68;2;1260;883
2017;69;1;2056;1258
2017;69;2;1354;880
2017;70;1;2151;1257
2017;70;2;1465;999
2017;71;1;2269;1299
2017;71;2;1637;1039
2017;72;1;2307;1407
2017;72;2;1779;1052
2017;73;1;2448;1530
2017;73;2;1769;1045
2017;74;1;2229;1371
2017;74;2;1681;1100
2017;75;1;2180;1307
2017;75;2;1717;864
2017;76;1;1906;1174
2017;76;2;1540;705
2017;77;1;1884;1102
2017;77;2;1572;789
2017;78;1;1898;1026
2017;78;2;1725;733
2017;79;1;1811;1051
2017;79;2;1634;751
2017;80;1;1683;888
2017;80;2;1504;669
2017;81;1;1608;811
2017;81;2;1526;703
2017;82;1;1457;838
2017;82;2;1533;664
2017;83;1;1389;737
2017;83;2;1549;624
2017;84;1;1246;669
2017;84;2;1499;568
2017;85;1;1258;621
2017;85;2;1508;543
2017;86;1;1095;538
2017;86;2;1584;505
2017;87;1;1039;480
2017;87;2;1437;499
2017;88;1;981;391
2017;88;2;1333;390
2017;89;1;810;358
2017;89;2;1302;398
2017;90;1;679;282
2017;90;2;1181;343
2017;91;1;609;212
2017;91;2;1046;254
2017;92;1;534;173
2017;92;2;854;232
2017;93;1;418;144
2017;93;2;785;183
2017;94;1;297;109
2017;94;2;635;137
2017;95;1;253;53
2017;95;2;429;120
2017;96;1;178;55
2017;96;2;415;93
2017;97;1;126;33
2017;97;2;300;58
2017;98;1;57;17
2017;98;2;195;25
2017;99;1;36;6
2017;99;2;130;23
2017;100;1;71;14
2017;100;2;159;28
2018;11;1;1;7
2018;11;2;0;9
2018;12;1;0;6
2018;12;2;0;6
2018;13;1;0;11
2018;13;2;0;11
2018;14;1;0;11
2018;14;2;0;10
2018;15;1;0;11
2018;15;2;0;11
2018;16;1;0;9
2018;16;2;0;14
2018;17;1;0;12
2018;17;2;2;21
2018;18;1;0;13
2018;18;2;0;6
2018;19;1;105;13
2018;19;2;69;11
2018;20;1;94;21
2018;20;2;73;14
2018;21;1;115;12
2018;21;2;58;15
2018;22;1;100;14
2018;22;2;67;25
2018;23;1;106;25
2018;23;2;83;28
2018;24;1;154;39
2018;24;2;113;32
2018;25;1;120;27
2018;25;2;100;40
2018;26;1;137;35
2018;26;2;115;41
2018;27;1;123;44
2018;27;2;121;38
2018;28;1;133;39
2018;28;2;129;58
2018;29;1;145;43
2018;29;2;117;56
2018;30;1;158;44
2018;30;2;122;78
2018;31;1;121;30
2018;31;2;125;91
2018;32;1;149;39
2018;32;2;143;75
2018;33;1;142;53
2018;33;2;119;75
2018;34;1;163;45
2018;34;2;124;71
2018;35;1;157;48
2018;35;2;140;78
2018;36;1;167;60
2018;36;2;132;105
2018;37;1;207;61
2018;37;2;125;119
2018;38;1;199;59
2018;38;2;152;137
2018;39;1;187;53
2018;39;2;176;122
2018;40;1;190;73
2018;40;2;152;139
2018;41;1;226;64
2018;41;2;183;141
2018;42;1;251;75
2018;42;2;205;170
2018;43;1;275;89
2018;43;2;194;170
2018;44;1;335;108
2018;44;2;244;193
2018;45;1;348;115
2018;45;2;229;200
2018;46;1;388;125
2018;46;2;260;281
2018;47;1;398;138
2018;47;2;254;261
2018;48;1;454;135
2018;48;2;307;296
2018;49;1;479;155
2018;49;2;289;323
2018;50;1;536;190
2018;50;2;308;322
2018;51;1;651;247
2018;51;2;393;366
2018;52;1;746;272
2018;52;2;432;404
2018;53;1;829;338
2018;53;2;431;357
2018;54;1;858;312
2018;54;2;490;381
2018;55;1;857;351
2018;55;2;498;357
2018;56;1;891;375
2018;56;2;498;399
2018;57;1;952;434
2018;57;2;515;395
2018;58;1;1056;468
2018;58;2;596;442
2018;59;1;1109;491
2018;59;2;610;467
2018;60;1;1181;530
2018;60;2;712;455
2018;61;1;1313;689
2018;61;2;691;496
2018;62;1;1340;742
2018;62;2;761;548
2018;63;1;1446;762
2018;63;2;834;590
2018;64;1;1435;790
2018;64;2;793;588
2018;65;1;1744;916
2018;65;2;949;652
2018;66;1;1634;950
2018;66;2;1010;674
2018;67;1;1618;987
2018;67;2;1080;705
2018;68;1;1841;1104
2018;68;2;1248;819
2018;69;1;1865;1184
2018;69;2;1342;901
2018;70;1;2166;1339
2018;70;2;1460;1008
2018;71;1;2227;1343
2018;71;2;1596;1023
2018;72;1;2321;1344
2018;72;2;1637;1147
2018;73;1;2403;1522
2018;73;2;1797;1082
2018;74;1;2448;1501
2018;74;2;1797;1161
2018;75;1;2345;1445
2018;75;2;1831;1063
2018;76;1;2229;1433
2018;76;2;1718;865
2018;77;1;1890;1230
2018;77;2;1606;843
2018;78;1;1827;1118
2018;78;2;1654;759
2018;79;1;1852;1132
2018;79;2;1649;838
2018;80;1;1779;1018
2018;80;2;1658;746
2018;81;1;1602;923
2018;81;2;1592;787
2018;82;1;1460;839
2018;82;2;1595;718
2018;83;1;1478;801
2018;83;2;1489;646
2018;84;1;1263;716
2018;84;2;1532;604
2018;85;1;1186;651
2018;85;2;1433;514
2018;86;1;1166;597
2018;86;2;1433;508
2018;87;1;1013;490
2018;87;2;1418;485
2018;88;1;919;423
2018;88;2;1399;463
2018;89;1;796;337
2018;89;2;1237;371
2018;90;1;744;303
2018;90;2;1136;317
2018;91;1;569;221
2018;91;2;1073;247
2018;92;1;472;162
2018;92;2;847;203
2018;93;1;415;177
2018;93;2;782;152
2018;94;1;330;106
2018;94;2;667;165
2018;95;1;228;85
2018;95;2;499;102
2018;96;1;144;46
2018;96;2;362;95
2018;97;1;96;30
2018;97;2;276;73
2018;98;1;73;23
2018;98;2;229;44
2018;99;1;49;14
2018;99;2;109;28
2018;100;1;56;12
2018;100;2;161;35
2019;12;1;0;8
2019;12;2;0;10
2019;13;1;0;4
2019;13;2;0;7
2019;14;1;0;6
2019;14;2;0;10
2019;15;1;1;9
2019;15;2;0;12
2019;16;1;1;14
2019;16;2;0;8
2019;17;1;0;20
2019;17;2;1;19
2019;18;1;1;18
2019;18;2;0;13
2019;19;1;143;20
2019;19;2;87;10
2019;20;1;99;12
2019;20;2;73;22
2019;21;1;107;25
2019;21;2;62;18
2019;22;1;112;14
2019;22;2;85;24
2019;23;1;120;22
2019;23;2;91;19
2019;24;1;96;22
2019;24;2;92;28
2019;25;1;136;37
2019;25;2;123;36
2019;26;1;129;25
2019;26;2;122;50
2019;27;1;134;42
2019;27;2;111;47
2019;28;1;141;44
2019;28;2;133;51
2019;29;1;140;48
2019;29;2;128;61
2019;30;1;139;41
2019;30;2;152;53
2019;31;1;166;61
2019;31;2;142;82
2019;32;1;132;51
2019;32;2;149;64
2019;33;1;139;44
2019;33;2;162;72
2019;34;1;150;58
2019;34;2;126;70
2019;35;1;166;63
2019;35;2;121;117
2019;36;1;173;55
2019;36;2;148;98
2019;37;1;162;65
2019;37;2;171;114
2019;38;1;162;53
2019;38;2;141;106
2019;39;1;198;72
2019;39;2;171;157
2019;40;1;220;69
2019;40;2;193;165
2019;41;1;229;73
2019;41;2;199;168
2019;42;1;280;79
2019;42;2;200;151
2019;43;1;258;83
2019;43;2;225;194
2019;44;1;288;105
2019;44;2;233;216
2019;45;1;332;109
2019;45;2;243;235
2019;46;1;395;140
2019;46;2;260;256
2019;47;1;396;139
2019;47;2;288;268
2019;48;1;477;162
2019;48;2;278;297
2019;49;1;544;170
2019;49;2;331;306
2019;50;1;538;186
2019;50;2;335;327
2019;51;1;628;219
2019;51;2;409;361
2019;52;1;752;278
2019;52;2;434;342
2019;53;1;812;302
2019;53;2;432;371
2019;54;1;875;301
2019;54;2;510;373
2019;55;1;976;402
2019;55;2;490;443
2019;56;1;985;371
2019;56;2;491;426
2019;57;1;930;416
2019;57;2;562;426
2019;58;1;993;470
2019;58;2;559;467
2019;59;1;1120;522
2019;59;2;583;481
2019;60;1;1142;618
2019;60;2;593;534
2019;61;1;1271;664
2019;61;2;714;535
2019;62;1;1400;761
2019;62;2;745;561
2019;63;1;1401;766
2019;63;2;833;591
2019;64;1;1468;764
2019;64;2;955;621
2019;65;1;1647;919
2019;65;2;881;655
2019;66;1;1701;941
2019;66;2;1006;732
2019;67;1;1689;1015
2019;67;2;1091;759
2019;68;1;1728;1054
2019;68;2;1233;750
2019;69;1;1912;1257
2019;69;2;1278;796
2019;70;1;2027;1241
2019;70;2;1417;919
2019;71;1;2221;1251
2019;71;2;1586;1001
2019;72;1;2248;1380
2019;72;2;1655;1055
2019;73;1;2482;1509
2019;73;2;1744;1155
2019;74;1;2459;1521
2019;74;2;1867;1241
2019;75;1;2607;1518
2019;75;2;1984;1127
2019;76;1;2427;1471
2019;76;2;1911;1068
2019;77;1;2233;1399
2019;77;2;1856;968
2019;78;1;2074;1284
2019;78;2;1768;897
2019;79;1;1919;1176
2019;79;2;1637;779
2019;80;1;1784;1071
2019;80;2;1709;787
2019;81;1;1729;991
2019;81;2;1643;767
2019;82;1;1641;922
2019;82;2;1668;652
2019;83;1;1463;789
2019;83;2;1666;671
2019;84;1;1471;809
2019;84;2;1482;673
2019;85;1;1305;634
2019;85;2;1517;609
2019;86;1;1159;572
2019;86;2;1409;510
2019;87;1;1060;486
2019;87;2;1428;463
2019;88;1;930;474
2019;88;2;1277;463
2019;89;1;863;374
2019;89;2;1310;427
2019;90;1;721;314
2019;90;2;1148;323
2019;91;1;663;244
2019;91;2;1014;293
2019;92;1;513;190
2019;92;2;936;222
2019;93;1;407;145
2019;93;2;806;198
2019;94;1;283;145
2019;94;2;637;165
2019;95;1;219;69
2019;95;2;499;125
2019;96;1;167;53
2019;96;2;400;97
2019;97;1;107;40
2019;97;2;295;64
2019;98;1;92;26
2019;98;2;195;42
2019;99;1;47;18
2019;99;2;144;31
2019;100;1;49;12
2019;100;2;176;40
2020;13;1;0;12
2020;13;2;0;9
2020;14;1;0;11
2020;14;2;0;7
2020;15;1;1;5
2020;15;2;0;10
2020;16;1;0;20
2020;16;2;1;12
2020;17;1;0;12
2020;17;2;0;18
2020;18;1;1;15
2020;18;2;1;21
2020;19;1;90;15
2020;19;2;81;15
2020;20;1;106;15
2020;20;2;74;17
2020;21;1;88;22
2020;21;2;79;12
2020;22;1;87;20
2020;22;2;97;18
2020;23;1;108;30
2020;23;2;76;27
2020;24;1;109;19
2020;24;2;89;22
2020;25;1;120;29
2020;25;2;109;17
2020;26;1;103;38
2020;26;2;109;33
2020;27;1;119;39
2020;27;2;112;44
2020;28;1;148;36
2020;28;2;158;46
2020;29;1;144;45
2020;29;2;141;72
2020;30;1;148;56
2020;30;2;142;61
2020;31;1;159;51
2020;31;2;153;72
2020;32;1;177;52
2020;32;2;184;71
2020;33;1;141;51
2020;33;2;146;77
2020;34;1;161;60
2020;34;2;163;69
2020;35;1;162;51
2020;35;2;187;84
2020;36;1;159;56
2020;36;2;157;91
2020;37;1;159;69
2020;37;2;167;87
2020;38;1;196;55
2020;38;2;173;119
2020;39;1;232;60
2020;39;2;176;107
2020;40;1;218;65
2020;40;2;171;164
2020;41;1;253;77
2020;41;2;174;159
2020;42;1;258;89
2020;42;2;191;145
2020;43;1;311;82
2020;43;2;210;194
2020;44;1;291;97
2020;44;2;206;167
2020;45;1;332;109
2020;45;2;231;228
2020;46;1;398;113
2020;46;2;267;276
2020;47;1;408;122
2020;47;2;305;280
2020;48;1;495;141
2020;48;2;291;309
2020;49;1;526;176
2020;49;2;381;309
2020;50;1;567;199
2020;50;2;340;308
2020;51;1;645;209
2020;51;2;413;332
2020;52;1;696;238
2020;52;2;424;329
2020;53;1;767;291
2020;53;2;442;433
2020;54;1;873;309
2020;54;2;491;400
2020;55;1;942;364
2020;55;2;541;416
2020;56;1;1028;375
2020;56;2;588;471
2020;57;1;950;440
2020;57;2;560;390
2020;58;1;1020;447
2020;58;2;571;433
2020;59;1;1099;500
2020;59;2;635;414
2020;60;1;1107;536
2020;60;2;658;479
2020;61;1;1231;632
2020;61;2;721;506
2020;62;1;1293;623
2020;62;2;731;533
2020;63;1;1360;735
2020;63;2;765;548
2020;64;1;1481;770
2020;64;2;876;571
2020;65;1;1523;787
2020;65;2;879;585
2020;66;1;1576;925
2020;66;2;961;628
2020;67;1;1633;945
2020;67;2;996;746
2020;68;1;1649;1001
2020;68;2;1069;725
2020;69;1;1700;970
2020;69;2;1129;768
2020;70;1;1904;1106
2020;70;2;1213;789
2020;71;1;2066;1074
2020;71;2;1387;969
2020;72;1;2181;1310
2020;72;2;1515;1073
2020;73;1;2221;1320
2020;73;2;1624;1041
2020;74;1;2285;1437
2020;74;2;1766;1155
2020;75;1;2441;1415
2020;75;2;1740;985
2020;76;1;2449;1512
2020;76;2;1908;1052
2020;77;1;2260;1349
2020;77;2;1807;1014
2020;78;1;2108;1241
2020;78;2;1700;945
2020;79;1;1856;1069
2020;79;2;1644;783
2020;80;1;1677;964
2020;80;2;1555;819
2020;81;1;1715;940
2020;81;2;1546;810
2020;82;1;1534;890
2020;82;2;1629;736
2020;83;1;1447;854
2020;83;2;1482;701
2020;84;1;1382;689
2020;84;2;1485;632
2020;85;1;1186;703
2020;85;2;1361;580
2020;86;1;1093;555
2020;86;2;1261;521
2020;87;1;931;476
2020;87;2;1278;441
2020;88;1;929;430
2020;88;2;1162;450
2020;89;1;808;389
2020;89;2;1196;378
2020;90;1;711;298
2020;90;2;1047;318
2020;91;1;568;208
2020;91;2;919;250
2020;92;1;490;192
2020;92;2;793;215
2020;93;1;398;158
2020;93;2;665;185
2020;94;1;330;97
2020;94;2;598;147
2020;95;1;235;74
2020;95;2;459;109
2020;96;1;167;50
2020;96;2;370;78
2020;97;1;118;40
2020;97;2;268;61
2020;98;1;77;22
2020;98;2;174;30
2020;99;1;39;13
2020;99;2;125;39
2020;100;1;55;21
2020;100;2;202;41
2021;14;1;0;11
2021;14;2;1;12
2021;15;1;0;17
2021;15;2;0;7
2021;16;1;0;12
2021;16;2;0;12
2021;17;1;1;16
2021;17;2;0;12
2021;18;1;0;10
2021;18;2;0;7
2021;19;1;138;12
2021;19;2;98;18
2021;20;1;117;29
2021;20;2;85;8
2021;21;1;96;15
2021;21;2;98;22
2021;22;1;127;24
2021;22;2;93;20
2021;23;1;136;17
2021;23;2;90;23
2021;24;1;99;32
2021;24;2;94;11
2021;25;1;128;22
2021;25;2;100;25
2021;26;1;148;35
2021;26;2;118;32
2021;27;1;123;37
2021;27;2;131;46
2021;28;1;161;33
2021;28;2;148;51
2021;29;1;174;39
2021;29;2;169;60
2021;30;1;171;47
2021;30;2;165;48
2021;31;1;167;45
2021;31;2;175;78
2021;32;1;180;48
2021;32;2;186;88
2021;33;1;152;58
2021;33;2;159;74
2021;34;1;168;60
2021;34;2;157;98
2021;35;1;191;53
2021;35;2;198;100
2021;36;1;179;57
2021;36;2;185;101
2021;37;1;191;59
2021;37;2;153;113
2021;38;1;179;53
2021;38;2;159;118
2021;39;1;237;67
2021;39;2;208;130
2021;40;1;244;83
2021;40;2;201;166
2021;41;1;294;77
2021;41;2;201;150
2021;42;1;260;75
2021;42;2;210;181
2021;43;1;293;90
2021;43;2;235;192
2021;44;1;317;98
2021;44;2;231;199
2021;45;1;340;115
2021;45;2;265;233
2021;46;1;396;97
2021;46;2;293;250
2021;47;1;454;126
2021;47;2;296;297
2021;48;1;526;148
2021;48;2;347;292
2021;49;1;566;150
2021;49;2;328;321
2021;50;1;618;238
2021;50;2;385;367
2021;51;1;633;214
2021;51;2;410;316
2021;52;1;708;236
2021;52;2;432;400
2021;53;1;778;297
2021;53;2;458;421
2021;54;1;836;329
2021;54;2;478;394
2021;55;1;1024;422
2021;55;2;519;434
2021;56;1;1058;423
2021;56;2;592;466
2021;57;1;1110;444
2021;57;2;637;486
2021;58;1;1138;484
2021;58;2;608;541
2021;59;1;1149;536
2021;59;2;613;524
2021;60;1;1277;552
2021;60;2;646;534
2021;61;1;1265;592
2021;61;2;711;495
2021;62;1;1281;665
2021;62;2;732;588
2021;63;1;1432;766
2021;63;2;850;571
2021;64;1;1501;738
2021;64;2;895;681
2021;65;1;1630;844
2021;65;2;891;670
2021;66;1;1651;941
2021;66;2;975;735
2021;67;1;1581;900
2021;67;2;1070;766
2021;68;1;1732;997
2021;68;2;1120;826
2021;69;1;1778;1085
2021;69;2;1198;806
2021;70;1;1936;1089
2021;70;2;1352;852
2021;71;1;2118;1182
2021;71;2;1389;914
2021;72;1;2127;1265
2021;72;2;1525;986
2021;73;1;2374;1367
2021;73;2;1804;1121
2021;74;1;2381;1527
2021;74;2;1837;1254
2021;75;1;2557;1616
2021;75;2;2008;1146
2021;76;1;2560;1637
2021;76;2;2021;1079
2021;77;1;2590;1652
2021;77;2;2068;1157
2021;78;1;2375;1585
2021;78;2;2004;1101
2021;79;1;2220;1361
2021;79;2;1902;998
2021;80;1;2002;1158
2021;80;2;1795;875
2021;81;1;1784;1075
2021;81;2;1717;837
2021;82;1;1809;1052
2021;82;2;1709;829
2021;83;1;1688;950
2021;83;2;1720;797
2021;84;1;1570;826
2021;84;2;1637;736
2021;85;1;1406;763
2021;85;2;1546;678
2021;86;1;1199;646
2021;86;2;1443;591
2021;87;1;1145;544
2021;87;2;1398;529
2021;88;1;953;477
2021;88;2;1305;483
2021;89;1;895;385
2021;89;2;1245;448
2021;90;1;798;350
2021;90;2;1103;383
2021;91;1;660;249
2021;91;2;1107;355
2021;92;1;513;195
2021;92;2;856;276
2021;93;1;412;179
2021;93;2;779;218
2021;94;1;350;132
2021;94;2;650;187
2021;95;1;246;95
2021;95;2;504;119
2021;96;1;189;57
2021;96;2;406;119
2021;97;1;113;39
2021;97;2;287;71
2021;98;1;93;34
2021;98;2;220;59
2021;99;1;60;18
2021;99;2;142;29
2021;100;1;61;22
2021;100;2;252;49
2022;15;1;0;14
2022;15;2;0;6
2022;16;1;1;17
2022;16;2;0;15
2022;17;1;0;19
2022;17;2;0;12
2022;18;1;2;18
2022;18;2;1;16
2022;19;1;141;14
2022;19;2;100;19
2022;20;1;121;21
2022;20;2;81;15
2022;21;1;102;14
2022;21;2;98;15
2022;22;1;113;22
2022;22;2;83;21
2022;23;1;135;18
2022;23;2;107;17
2022;24;1;113;19
2022;24;2;104;25
2022;25;1;111;30
2022;25;2;104;24
2022;26;1;138;26
2022;26;2;116;24
2022;27;1;122;32
2022;27;2;132;38
2022;28;1;166;37
2022;28;2;143;49
2022;29;1;152;43
2022;29;2;143;48
2022;30;1;162;49
2022;30;2;170;51
2022;31;1;205;51
2022;31;2;178;68
2022;32;1;184;39
2022;32;2;210;89
2022;33;1;188;45
2022;33;2;195;101
2022;34;1;176;50
2022;34;2;193;84
2022;35;1;197;55
2022;35;2;171;85
2022;36;1;206;56
2022;36;2;173;107
2022;37;1;199;61
2022;37;2;180;102
2022;38;1;212;70
2022;38;2;183;122
2022;39;1;236;47
2022;39;2;188;109
2022;40;1;228;87
2022;40;2;184;158
2022;41;1;245;72
2022;41;2;206;158
2022;42;1;267;92
2022;42;2;199;180
2022;43;1;315;83
2022;43;2;229;180
2022;44;1;351;94
2022;44;2;244;200
2022;45;1;369;91
2022;45;2;227;204
2022;46;1;386;107
2022;46;2;265;239
2022;47;1;441;125
2022;47;2;296;263
2022;48;1;480;158
2022;48;2;334;290
2022;49;1;472;162
2022;49;2;334;337
2022;50;1;537;220
2022;50;2;365;345
2022;51;1;620;200
2022;51;2;398;331
2022;52;1;656;246
2022;52;2;415;349
2022;53;1;681;279
2022;53;2;450;353
2022;54;1;823;287
2022;54;2;452;392
2022;55;1;949;364
2022;55;2;531;403
2022;56;1;996;477
2022;56;2;573;430
2022;57;1;1147;501
2022;57;2;588;478
2022;58;1;1161;551
2022;58;2;635;560
2022;59;1;1124;585
2022;59;2;651;453
2022;60;1;1184;688
2022;60;2;670;535
2022;61;1;1177;602
2022;61;2;715;478
2022;62;1;1266;702
2022;62;2;755;604
2022;63;1;1350;754
2022;63;2;818;573
2022;64;1;1428;835
2022;64;2;834;641
2022;65;1;1553;889
2022;65;2;930;679
2022;66;1;1589;975
2022;66;2;1000;684
2022;67;1;1613;1030
2022;67;2;1085;718
2022;68;1;1646;1026
2022;68;2;1099;737
2022;69;1;1792;1106
2022;69;2;1261;830
2022;70;1;1940;1194
2022;70;2;1287;832
2022;71;1;1928;1134
2022;71;2;1356;833
2022;72;1;2045;1286
2022;72;2;1484;985
2022;73;1;2237;1374
2022;73;2;1589;1002
2022;74;1;2409;1482
2022;74;2;1782;1129
2022;75;1;2581;1565
2022;75;2;1839;1090
2022;76;1;2529;1601
2022;76;2;2043;1097
2022;77;1;2562;1707
2022;77;2;2226;1090
2022;78;1;2573;1716
2022;78;2;2181;1197
2022;79;1;2454;1511
2022;79;2;2098;1113
2022;80;1;2280;1373
2022;80;2;1933;996
2022;81;1;1894;1187
2022;81;2;1788;858
2022;82;1;1866;1091
2022;82;2;1658;769
2022;83;1;1813;1078
2022;83;2;1762;815
2022;84;1;1554;902
2022;84;2;1716;700
2022;85;1;1468;759
2022;85;2;1580;665
2022;86;1;1266;695
2022;86;2;1565;639
2022;87;1;1092;549
2022;87;2;1375;531
2022;88;1;1008;490
2022;88;2;1277;457
2022;89;1;923;395
2022;89;2;1263;418
2022;90;1;801;325
2022;90;2;1197;346
2022;91;1;694;275
2022;91;2;1053;320
2022;92;1;587;217
2022;92;2;874;251
2022;93;1;446;163
2022;93;2;753;221
2022;94;1;328;122
2022;94;2;674;187
2022;95;1;276;91
2022;95;2;531;121
2022;96;1;204;68
2022;96;2;396;112
2022;97;1;133;38
2022;97;2;310;72
2022;98;1;89;26
2022;98;2;222;46
2022;99;1;58;17
2022;99;2;125;34
2022;100;1;81;22
2022;100;2;239;57
