AR;alder;Kon;prev_cvd;prev_ccr;totpop
2010;3;1;0;31;83
2010;3;2;0;32;95
2010;4;1;7;36;95
2010;4;2;11;33;95
2010;5;1;9;39;93
2010;5;2;10;28;91
2010;6;1;13;39;110
2010;6;2;10;21;93
2010;7;1;7;23;90
2010;7;2;6;12;75
2010;8;1;10;29;110
2010;8;2;10;19;94
2010;9;1;9;28;109
2010;9;2;14;14;95
2010;10;1;10;21;105
2010;10;2;8;17;93
2010;11;1;7;17;87
2010;11;2;5;18;104
2010;12;1;17;21;133
2010;12;2;11;12;95
2010;13;1;12;13;127
2010;13;2;10;16;96
2010;14;1;13;22;144
2010;14;2;10;20;140
2010;15;1;16;32;56644
2010;15;2;19;24;53350
2010;16;1;18;53;61103
2010;16;2;15;45;58072
2010;17;1;20;51;64071
2010;17;2;30;50;60685
2010;18;1;40;75;67441
2010;18;2;40;66;63305
2010;19;1;125;68;68838
2010;19;2;118;77;64707
2010;20;1;639;84;69133
2010;20;2;498;65;65825
2010;21;1;677;76;65514
2010;21;2;461;67;62624
2010;22;1;678;70;64625
2010;22;2;466;75;61701
2010;23;1;602;86;61565
2010;23;2;385;103;59587
2010;24;1;577;96;61959
2010;24;2;376;89;59081
2010;25;1;603;98;61474
2010;25;2;439;121;58023
2010;26;1;523;117;59890
2010;26;2;449;119;56444
2010;27;1;542;123;59046
2010;27;2;414;121;55605
2010;28;1;511;123;59611
2010;28;2;459;119;56113
2010;29;1;531;140;58978
2010;29;2;483;166;56330
2010;30;1;575;147;60909
2010;30;2;555;162;58149
2010;31;1;590;150;59597
2010;31;2;495;202;56900
2010;32;1;585;153;57773
2010;32;2;541;216;55451
2010;33;1;631;179;58947
2010;33;2;583;260;56314
2010;34;1;708;162;59883
2010;34;2;605;266;57448
2010;35;1;784;188;62212
2010;35;2;722;328;60058
2010;36;1;882;211;64944
2010;36;2;776;357;62770
2010;37;1;882;202;64029
2010;37;2;776;358;62132
2010;38;1;990;226;65193
2010;38;2;829;383;63300
2010;39;1;984;223;65209
2010;39;2;863;425;63400
2010;40;1;1121;229;63476
2010;40;2;901;455;61975
2010;41;1;1196;271;62844
2010;41;2;880;480;60818
2010;42;1;1354;277;65434
2010;42;2;1043;577;63716
2010;43;1;1467;314;69294
2010;43;2;1134;667;66618
2010;44;1;1749;327;70014
2010;44;2;1240;770;67119
2010;45;1;1953;334;70099
2010;45;2;1366;813;67329
2010;46;1;2083;401;69523
2010;46;2;1455;931;67469
2010;47;1;2163;385;65282
2010;47;2;1467;861;62386
2010;48;1;2325;407;61705
2010;48;2;1501;1005;59929
2010;49;1;2466;458;59808
2010;49;2;1572;1034;58020
2010;50;1;2698;475;58578
2010;50;2;1726;1037;57501
2010;51;1;3026;609;59179
2010;51;2;1837;1055;57521
2010;52;1;3294;642;58687
2010;52;2;2009;1171;57362
2010;53;1;3701;723;58907
2010;53;2;2204;1279;58392
2010;54;1;4173;869;59553
2010;54;2;2281;1326;57877
2010;55;1;4275;934;57951
2010;55;2;2583;1358;57555
2010;56;1;4730;1048;56672
2010;56;2;2623;1358;56121
2010;57;1;5286;1256;58019
2010;57;2;2837;1415;57297
2010;58;1;5650;1439;57154
2010;58;2;3113;1577;56888
2010;59;1;6181;1551;56241
2010;59;2;3248;1629;56351
2010;60;1;7028;1819;58632
2010;60;2;3791;1836;58356
2010;61;1;7616;2150;60156
2010;61;2;4233;1999;60691
2010;62;1;8690;2482;61820
2010;62;2;4683;2221;62671
2010;63;1;9407;2732;62085
2010;63;2;5248;2278;62826
2010;64;1;10279;3012;62750
2010;64;2;5550;2579;63063
2010;65;1;11125;3437;61946
2010;65;2;5983;2563;61934
2010;66;1;11610;3705;60355
2010;66;2;6451;2720;60366
2010;67;1;11372;3659;55528
2010;67;2;6525;2759;56495
2010;68;1;10950;3578;50732
2010;68;2;6318;2494;51047
2010;69;1;10229;3179;43842
2010;69;2;6129;2269;45144
2010;70;1;10412;3178;41090
2010;70;2;6419;2198;42824
2010;71;1;10747;3274;40283
2010;71;2;6916;2245;42895
2010;72;1;10567;3254;37660
2010;72;2;7202;2204;41034
2010;73;1;10445;3145;34953
2010;73;2;7249;2115;38603
2010;74;1;10149;3008;32736
2010;74;2;7338;2121;37300
2010;75;1;10268;2913;30558
2010;75;2;7598;1935;34860
2010;76;1;9853;2665;28121
2010;76;2;7798;1898;33823
2010;77;1;9721;2672;26661
2010;77;2;8201;1815;32592
2010;78;1;10086;2599;26294
2010;78;2;8798;1822;33109
2010;79;1;9954;2555;24591
2010;79;2;9089;1809;32265
2010;80;1;9946;2479;23637
2010;80;2;9563;1868;31983
2010;81;1;9129;2190;21305
2010;81;2;9308;1788;29903
2010;82;1;9010;2106;20485
2010;82;2;9719;1762;29588
2010;83;1;8315;1916;18087
2010;83;2;9392;1597;27367
2010;84;1;7930;1800;16882
2010;84;2;9395;1516;26337
2010;85;1;7361;1650;15312
2010;85;2;9438;1485;25011
2010;86;1;6674;1396;13409
2010;86;2;9011;1302;23156
2010;87;1;6101;1265;12123
2010;87;2;8354;1208;21152
2010;88;1;4996;1039;9891
2010;88;2;7732;1110;18697
2010;89;1;4537;946;8813
2010;89;2;7569;984;17823
2010;90;1;3871;723;7364
2010;90;2;7029;958;15939
2010;91;1;2559;493;4900
2010;91;2;4781;576;10940
2010;92;1;1928;352;3621
2010;92;2;3917;537;8817
2010;93;1;1396;257;2736
2010;93;2;3140;419;7223
2010;94;1;957;169;1895
2010;94;2;2409;303;5443
2010;95;1;660;122;1231
2010;95;2;1747;202;4042
2010;96;1;442;87;907
2010;96;2;1253;174;3087
2010;97;1;285;48;579
2010;97;2;947;105;2236
2010;98;1;188;32;363
2010;98;2;629;78;1542
2010;99;1;98;15;207
2010;99;2;385;40;964
2010;100;1;102;17;245
2010;100;2;511;55;1414
2011;4;1;7;35;106
2011;4;2;7;41;104
2011;5;1;22;42;118
2011;5;2;13;32;86
2011;6;1;13;36;98
2011;6;2;16;22;100
2011;7;1;14;34;115
2011;7;2;16;23;107
2011;8;1;8;16;93
2011;8;2;8;14;87
2011;9;1;16;21;127
2011;9;2;11;18;96
2011;10;1;13;22;116
2011;10;2;23;19;107
2011;11;1;14;17;103
2011;11;2;13;16;100
2011;12;1;7;17;114
2011;12;2;10;21;116
2011;13;1;23;26;140
2011;13;2;15;24;143
2011;14;1;18;26;144
2011;14;2;9;17;128
2011;15;1;28;38;52801
2011;15;2;22;27;50146
2011;16;1;36;40;57533
2011;16;2;31;29;53761
2011;17;1;39;63;62013
2011;17;2;25;57;58476
2011;18;1;51;60;64616
2011;18;2;59;61;61153
2011;19;1;189;83;67784
2011;19;2;158;79;63732
2011;20;1;670;86;69160
2011;20;2;502;91;65139
2011;21;1;699;86;69553
2011;21;2;546;68;66251
2011;22;1;721;83;66115
2011;22;2;487;78;63309
2011;23;1;691;75;65463
2011;23;2;488;93;62554
2011;24;1;598;105;62404
2011;24;2;423;111;60525
2011;25;1;605;112;62794
2011;25;2;402;110;59870
2011;26;1;611;106;62391
2011;26;2;462;131;58841
2011;27;1;555;121;60629
2011;27;2;497;129;57123
2011;28;1;586;123;59711
2011;28;2;453;139;56323
2011;29;1;553;131;60190
2011;29;2;493;151;56855
2011;30;1;558;143;59599
2011;30;2;523;197;56964
2011;31;1;611;157;61448
2011;31;2;606;195;58728
2011;32;1;660;173;60084
2011;32;2;545;248;57447
2011;33;1;603;184;58234
2011;33;2;588;230;55903
2011;34;1;708;196;59409
2011;34;2;642;279;56830
2011;35;1;782;180;60236
2011;35;2;640;302;57875
2011;36;1;886;211;62525
2011;36;2;763;350;60472
2011;37;1;940;234;65271
2011;37;2;851;394;63176
2011;38;1;951;227;64293
2011;38;2;844;385;62510
2011;39;1;1057;249;65417
2011;39;2;860;467;63588
2011;40;1;1126;242;65448
2011;40;2;941;497;63663
2011;41;1;1254;258;63689
2011;41;2;1004;535;62246
2011;42;1;1329;278;62982
2011;42;2;963;589;61100
2011;43;1;1520;303;65577
2011;43;2;1129;637;63935
2011;44;1;1664;335;69397
2011;44;2;1222;759;66802
2011;45;1;1920;360;70072
2011;45;2;1374;845;67308
2011;46;1;2190;395;70104
2011;46;2;1441;902;67459
2011;47;1;2305;447;69501
2011;47;2;1599;1038;67526
2011;48;1;2404;409;65251
2011;48;2;1583;979;62455
2011;49;1;2580;489;61726
2011;49;2;1662;1074;60039
2011;50;1;2782;525;59721
2011;50;2;1727;1141;58025
2011;51;1;2990;558;58533
2011;51;2;1883;1142;57533
2011;52;1;3375;687;59057
2011;52;2;2003;1173;57509
2011;53;1;3686;740;58565
2011;53;2;2197;1243;57353
2011;54;1;4074;859;58766
2011;54;2;2374;1356;58320
2011;55;1;4589;1011;59370
2011;55;2;2488;1354;57817
2011;56;1;4760;1085;57713
2011;56;2;2734;1434;57413
2011;57;1;5201;1233;56440
2011;57;2;2843;1471;56016
2011;58;1;5843;1448;57769
2011;58;2;3048;1534;57136
2011;59;1;6184;1602;56821
2011;59;2;3334;1719;56742
2011;60;1;6792;1741;55888
2011;60;2;3557;1755;56142
2011;61;1;7664;2067;58259
2011;61;2;4075;1940;58154
2011;62;1;8206;2451;59715
2011;62;2;4525;2126;60421
2011;63;1;9348;2684;61294
2011;63;2;5053;2299;62342
2011;64;1;10081;3021;61553
2011;64;2;5614;2436;62470
2011;65;1;11226;3369;62088
2011;65;2;5996;2653;62662
2011;66;1;11868;3779;61160
2011;66;2;6491;2727;61515
2011;67;1;12394;4034;59548
2011;67;2;6870;2888;59898
2011;68;1;12037;3801;54738
2011;68;2;7040;2941;56030
2011;69;1;11571;3759;49904
2011;69;2;6829;2637;50539
2011;70;1;10772;3336;43068
2011;70;2;6538;2385;44659
2011;71;1;10937;3302;40313
2011;71;2;6916;2292;42290
2011;72;1;11212;3408;39424
2011;72;2;7339;2330;42288
2011;73;1;11025;3276;36756
2011;73;2;7669;2281;40420
2011;74;1;10876;3193;34032
2011;74;2;7692;2232;37940
2011;75;1;10668;3139;31840
2011;75;2;7865;2169;36601
2011;76;1;10580;2887;29511
2011;76;2;7969;2001;34093
2011;77;1;10046;2617;26979
2011;77;2;8214;1931;33042
2011;78;1;9845;2626;25498
2011;78;2;8524;1820;31740
2011;79;1;10118;2522;25020
2011;79;2;9147;1909;32081
2011;80;1;9875;2447;23253
2011;80;2;9303;1852;31126
2011;81;1;9834;2393;22268
2011;81;2;9720;1853;30692
2011;82;1;8911;2088;19841
2011;82;2;9398;1775;28456
2011;83;1;8698;1959;18921
2011;83;2;9731;1728;27998
2011;84;1;7893;1728;16461
2011;84;2;9362;1565;25757
2011;85;1;7367;1656;15124
2011;85;2;9246;1463;24531
2011;86;1;6912;1473;13664
2011;86;2;9074;1378;22979
2011;87;1;6063;1250;11719
2011;87;2;8515;1242;21051
2011;88;1;5426;1099;10433
2011;88;2;7807;1115;18891
2011;89;1;4381;900;8351
2011;89;2;7056;990;16487
2011;90;1;3848;753;7334
2011;90;2;6792;870;15400
2011;91;1;3170;601;5916
2011;91;2;6077;835;13541
2011;92;1;2038;375;3829
2011;92;2;4044;500;9080
2011;93;1;1493;256;2776
2011;93;2;3222;435;7097
2011;94;1;1050;194;2030
2011;94;2;2516;335;5716
2011;95;1;701;112;1360
2011;95;2;1874;243;4162
2011;96;1;476;85;848
2011;96;2;1335;152;2996
2011;97;1;302;74;612
2011;97;2;909;137;2276
2011;98;1;189;31;388
2011;98;2;673;68;1550
2011;99;1;123;20;231
2011;99;2;419;42;1049
2011;100;1;112;21;275
2011;100;2;543;57;1493
2012;5;1;13;39;112
2012;5;2;20;43;112
2012;6;1;22;42;115
2012;6;2;13;28;84
2012;7;1;12;40;102
2012;7;2;16;21;106
2012;8;1;18;36;116
2012;8;2;19;19;104
2012;9;1;12;22;102
2012;9;2;15;17;88
2012;10;1;19;18;116
2012;10;2;19;13;109
2012;11;1;14;19;128
2012;11;2;26;23;114
2012;12;1;19;18;119
2012;12;2;15;13;102
2012;13;1;10;18;119
2012;13;2;12;19;122
2012;14;1;29;30;169
2012;14;2;22;31;147
2012;15;1;27;39;50997
2012;15;2;19;34;47910
2012;16;1;44;51;53789
2012;16;2;44;30;50626
2012;17;1;66;41;58446
2012;17;2;55;35;54269
2012;18;1;77;75;62584
2012;18;2;63;65;59046
2012;19;1;212;75;64949
2012;19;2;185;61;61655
2012;20;1;675;91;68162
2012;20;2;496;81;64322
2012;21;1;717;99;69583
2012;21;2;546;100;65772
2012;22;1;739;90;70261
2012;22;2;579;74;67169
2012;23;1;729;96;67012
2012;23;2;527;101;64428
2012;24;1;671;82;66375
2012;24;2;508;114;63668
2012;25;1;609;115;63370
2012;25;2;484;138;61597
2012;26;1;631;124;63564
2012;26;2;450;139;60832
2012;27;1;612;116;63110
2012;27;2;473;152;59646
2012;28;1;572;127;61280
2012;28;2;538;137;57865
2012;29;1;610;140;60326
2012;29;2;491;159;57069
2012;30;1;626;140;60736
2012;30;2;548;201;57639
2012;31;1;593;143;60111
2012;31;2;570;217;57569
2012;32;1;650;167;62012
2012;32;2;646;237;59322
2012;33;1;691;189;60507
2012;33;2;616;256;58054
2012;34;1;659;198;58629
2012;34;2;634;268;56475
2012;35;1;777;204;59763
2012;35;2;691;307;57279
2012;36;1;851;215;60545
2012;36;2;719;346;58334
2012;37;1;938;221;62903
2012;37;2;779;375;60828
2012;38;1;1033;266;65588
2012;38;2;914;471;63591
2012;39;1;1070;247;64569
2012;39;2;921;447;62862
2012;40;1;1166;274;65610
2012;40;2;902;537;63908
2012;41;1;1272;270;65670
2012;41;2;1003;543;63948
2012;42;1;1410;287;63876
2012;42;2;1071;603;62497
2012;43;1;1468;307;63097
2012;43;2;1055;634;61343
2012;44;1;1702;343;65768
2012;44;2;1218;723;64127
2012;45;1;1876;362;69493
2012;45;2;1326;835;66959
2012;46;1;2120;393;70136
2012;46;2;1443;952;67437
2012;47;1;2442;444;70149
2012;47;2;1553;1036;67565
2012;48;1;2625;513;69503
2012;48;2;1719;1155;67579
2012;49;1;2737;477;65201
2012;49;2;1768;1073;62534
2012;50;1;2856;571;61671
2012;50;2;1795;1156;60040
2012;51;1;3107;653;59667
2012;51;2;1829;1245;58054
2012;52;1;3327;666;58483
2012;52;2;2054;1218;57554
2012;53;1;3766;761;58888
2012;53;2;2152;1283;57486
2012;54;1;4123;902;58452
2012;54;2;2359;1305;57313
2012;55;1;4464;1002;58563
2012;55;2;2511;1400;58253
2012;56;1;5059;1138;59109
2012;56;2;2705;1437;57757
2012;57;1;5250;1230;57468
2012;57;2;2913;1501;57294
2012;58;1;5683;1409;56214
2012;58;2;3017;1555;55901
2012;59;1;6311;1640;57478
2012;59;2;3275;1643;57001
2012;60;1;6783;1814;56532
2012;60;2;3652;1840;56561
2012;61;1;7277;1946;55497
2012;61;2;3872;1875;55913
2012;62;1;8365;2340;57878
2012;62;2;4373;2099;57933
2012;63;1;8925;2698;59253
2012;63;2;4891;2272;60067
2012;64;1;9992;2943;60743
2012;64;2;5516;2492;62005
2012;65;1;11011;3301;60935
2012;65;2;6000;2625;62039
2012;66;1;12041;3678;61351
2012;66;2;6377;2811;62187
2012;67;1;12565;4025;60403
2012;67;2;6947;2859;61042
2012;68;1;13131;4279;58752
2012;68;2;7319;3062;59360
2012;69;1;12675;3976;53883
2012;69;2;7508;2993;55401
2012;70;1;12282;3927;49095
2012;70;2;7367;2802;50028
2012;71;1;11281;3453;42288
2012;71;2;6966;2484;44099
2012;72;1;11324;3381;39494
2012;72;2;7389;2421;41742
2012;73;1;11651;3448;38521
2012;73;2;7764;2414;41583
2012;74;1;11460;3227;35757
2012;74;2;8103;2360;39747
2012;75;1;11102;3211;33002
2012;75;2;8089;2219;37214
2012;76;1;10930;3124;30784
2012;76;2;8159;2174;35780
2012;77;1;10760;2854;28425
2012;77;2;8389;2027;33268
2012;78;1;10133;2466;25777
2012;78;2;8499;1929;32096
2012;79;1;9868;2577;24296
2012;79;2;8767;1800;30773
2012;80;1;10100;2439;23664
2012;80;2;9360;1872;30913
2012;81;1;9632;2304;21826
2012;81;2;9454;1858;29850
2012;82;1;9601;2253;20733
2012;82;2;9905;1831;29316
2012;83;1;8597;1942;18269
2012;83;2;9402;1692;26917
2012;84;1;8227;1804;17266
2012;84;2;9672;1668;26301
2012;85;1;7423;1511;14806
2012;85;2;9122;1492;23936
2012;86;1;6779;1516;13440
2012;86;2;8927;1395;22512
2012;87;1;6207;1268;11896
2012;87;2;8550;1269;20878
2012;88;1;5368;1096;10087
2012;88;2;7855;1123;18790
2012;89;1;4630;937;8739
2012;89;2;7046;1016;16567
2012;90;1;3669;727;6848
2012;90;2;6237;822;14170
2012;91;1;3209;610;5879
2012;91;2;5956;756;13082
2012;92;1;2577;478;4663
2012;92;2;5149;730;11210
2012;93;1;1589;298;2914
2012;93;2;3308;409;7339
2012;94;1;1100;200;2052
2012;94;2;2555;320;5487
2012;95;1;748;127;1437
2012;95;2;1930;274;4340
2012;96;1;497;75;940
2012;96;2;1409;175;3066
2012;97;1;316;48;548
2012;97;2;935;113;2136
2012;98;1;200;53;397
2012;98;2;616;90;1570
2012;99;1;119;25;246
2012;99;2;479;47;1034
2012;100;1;128;26;275
2012;100;2;594;66;1559
2013;6;1;19;44;122
2013;6;2;18;51;109
2013;7;1;23;45;131
2013;7;2;16;30;99
2013;8;1;16;40;112
2013;8;2;20;28;108
2013;9;1;22;41;124
2013;9;2;25;28;117
2013;10;1;19;29;123
2013;10;2;21;16;101
2013;11;1;25;28;145
2013;11;2;21;16;105
2013;12;1;17;25;137
2013;12;2;30;26;135
2013;13;1;21;24;147
2013;13;2;17;26;131
2013;14;1;12;24;145
2013;14;2;21;29;152
2013;15;1;46;54;51347
2013;15;2;39;47;47777
2013;16;1;47;45;52064
2013;16;2;35;42;48686
2013;17;1;82;54;54943
2013;17;2;70;44;51353
2013;18;1;212;52;59283
2013;18;2;176;43;54982
2013;19;1;249;82;63181
2013;19;2;202;72;59666
2013;20;1;645;95;65504
2013;20;2;488;72;62331
2013;21;1;739;111;68700
2013;21;2;516;95;64976
2013;22;1;730;107;70329
2013;22;2;580;100;66634
2013;23;1;759;107;71250
2013;23;2;574;84;68206
2013;24;1;744;105;68057
2013;24;2;551;113;65561
2013;25;1;686;93;67494
2013;25;2;537;130;64783
2013;26;1;620;130;64398
2013;26;2;545;153;62600
2013;27;1;649;138;64542
2013;27;2;499;166;61815
2013;28;1;638;140;63942
2013;28;2;516;173;60402
2013;29;1;601;140;62152
2013;29;2;550;168;58742
2013;30;1;676;148;61032
2013;30;2;518;185;57777
2013;31;1;650;150;61381
2013;31;2;584;253;58283
2013;32;1;647;152;60662
2013;32;2;615;253;58177
2013;33;1;685;177;62577
2013;33;2;662;284;60030
2013;34;1;730;196;61076
2013;34;2;666;291;58584
2013;35;1;702;219;59133
2013;35;2;694;283;57041
2013;36;1;845;197;60251
2013;36;2;732;341;57770
2013;37;1;914;218;60994
2013;37;2;778;398;58772
2013;38;1;984;246;63244
2013;38;2;819;412;61283
2013;39;1;1152;293;65979
2013;39;2;969;477;64002
2013;40;1;1202;280;64864
2013;40;2;996;502;63197
2013;41;1;1285;288;65922
2013;41;2;963;610;64284
2013;42;1;1415;318;65947
2013;42;2;1086;636;64244
2013;43;1;1590;318;64199
2013;43;2;1153;672;62832
2013;44;1;1623;326;63307
2013;44;2;1114;723;61605
2013;45;1;1898;394;65961
2013;45;2;1296;846;64403
2013;46;1;2111;409;69635
2013;46;2;1440;941;67131
2013;47;1;2338;441;70268
2013;47;2;1577;1066;67598
2013;48;1;2724;536;70248
2013;48;2;1664;1200;67700
2013;49;1;2934;590;69550
2013;49;2;1882;1246;67702
2013;50;1;3017;567;65196
2013;50;2;1923;1194;62632
2013;51;1;3132;667;61693
2013;51;2;1965;1210;60067
2013;52;1;3466;764;59598
2013;52;2;1997;1324;58084
2013;53;1;3677;814;58437
2013;53;2;2207;1310;57569
2013;54;1;4107;842;58786
2013;54;2;2273;1358;57427
2013;55;1;4515;1049;58325
2013;55;2;2525;1359;57271
2013;56;1;4916;1172;58478
2013;56;2;2691;1486;58164
2013;57;1;5477;1304;58890
2013;57;2;2860;1500;57659
2013;58;1;5772;1426;57276
2013;58;2;3137;1571;57185
2013;59;1;6208;1654;55937
2013;59;2;3236;1634;55747
2013;60;1;6818;1852;57136
2013;60;2;3589;1804;56829
2013;61;1;7299;2027;56137
2013;61;2;3875;1984;56352
2013;62;1;7840;2225;55056
2013;62;2;4158;2016;55694
2013;63;1;8948;2573;57391
2013;63;2;4658;2233;57647
2013;64;1;9649;2980;58722
2013;64;2;5220;2383;59718
2013;65;1;10855;3256;60122
2013;65;2;5890;2598;61595
2013;66;1;11717;3602;60258
2013;66;2;6398;2813;61549
2013;67;1;12753;4035;60606
2013;67;2;6864;3010;61711
2013;68;1;13272;4279;59585
2013;68;2;7402;3045;60480
2013;69;1;13737;4600;57915
2013;69;2;7857;3165;58788
2013;70;1;13417;4263;52985
2013;70;2;8017;3059;54812
2013;71;1;12817;4019;48170
2013;71;2;7860;2850;49432
2013;72;1;11756;3570;41402
2013;72;2;7523;2588;43579
2013;73;1;11708;3444;38643
2013;73;2;7755;2495;41100
2013;74;1;12010;3486;37556
2013;74;2;8178;2495;40893
2013;75;1;11787;3275;34672
2013;75;2;8439;2373;39013
2013;76;1;11355;3224;31919
2013;76;2;8518;2261;36427
2013;77;1;11156;3105;29683
2013;77;2;8506;2156;34912
2013;78;1;10712;2864;27339
2013;78;2;8650;1995;32347
2013;79;1;10074;2482;24636
2013;79;2;8671;1925;31135
2013;80;1;9780;2518;23042
2013;80;2;8870;1806;29646
2013;81;1;9963;2336;22293
2013;81;2;9403;1849;29631
2013;82;1;9311;2220;20421
2013;82;2;9519;1793;28501
2013;83;1;9199;2092;19201
2013;83;2;9845;1808;27798
2013;84;1;8135;1847;16718
2013;84;2;9237;1677;25306
2013;85;1;7700;1694;15599
2013;85;2;9459;1623;24509
2013;86;1;6805;1357;13209
2013;86;2;8768;1456;22091
2013;87;1;6163;1390;11867
2013;87;2;8405;1314;20508
2013;88;1;5512;1115;10281
2013;88;2;7969;1153;18792
2013;89;1;4689;931;8543
2013;89;2;7189;1019;16522
2013;90;1;3950;781;7231
2013;90;2;6264;900;14364
2013;91;1;3024;586;5544
2013;91;2;5355;714;12013
2013;92;1;2506;464;4559
2013;92;2;5026;661;10801
2013;93;1;2026;353;3581
2013;93;2;4278;582;9139
2013;94;1;1201;242;2156
2013;94;2;2692;353;5825
2013;95;1;789;142;1460
2013;95;2;1982;268;4251
2013;96;1;527;98;1003
2013;96;2;1447;187;3218
2013;97;1;345;46;632
2013;97;2;1019;129;2210
2013;98;1;199;26;336
2013;98;2;645;85;1461
2013;99;1;142;38;265
2013;99;2;412;60;1037
2013;100;1;125;25;299
2013;100;2;639;65;1580
2014;7;1;24;38;124
2014;7;2;19;37;123
2014;8;1;24;37;127
2014;8;2;19;26;97
2014;9;1;16;32;104
2014;9;2;26;20;111
2014;10;1;24;35;136
2014;10;2;28;23;119
2014;11;1;19;26;148
2014;11;2;22;19;101
2014;12;1;28;22;163
2014;12;2;26;18;109
2014;13;1;22;25;143
2014;13;2;33;32;152
2014;14;1;23;28;160
2014;14;2;20;30;158
2014;15;1;39;44;51073
2014;15;2;37;43;48088
2014;16;1;64;60;52619
2014;16;2;58;52;48509
2014;17;1;75;54;53386
2014;17;2;63;55;49372
2014;18;1;213;59;55995
2014;18;2;176;50;52077
2014;19;1;578;59;60049
2014;19;2;453;47;55720
2014;20;1;633;83;63976
2014;20;2;453;80;60485
2014;21;1;704;112;66486
2014;21;2;525;80;63000
2014;22;1;768;107;69789
2014;22;2;537;105;65929
2014;23;1;740;126;71576
2014;23;2;605;112;67753
2014;24;1;789;130;72638
2014;24;2;602;107;69538
2014;25;1;728;108;69493
2014;25;2;586;126;66724
2014;26;1;700;123;68915
2014;26;2;589;154;65958
2014;27;1;656;144;65701
2014;27;2;578;182;63592
2014;28;1;678;147;65783
2014;28;2;528;190;62769
2014;29;1;658;153;65112
2014;29;2;555;204;61333
2014;30;1;629;144;63164
2014;30;2;587;216;59618
2014;31;1;720;159;61868
2014;31;2;564;220;58575
2014;32;1;704;167;62258
2014;32;2;646;293;59009
2014;33;1;707;175;61433
2014;33;2;656;282;58900
2014;34;1;733;192;63406
2014;34;2;703;342;60725
2014;35;1;780;227;61861
2014;35;2;723;323;59153
2014;36;1;778;239;59790
2014;36;2;744;332;57621
2014;37;1;907;194;60846
2014;37;2;802;390;58335
2014;38;1;954;243;61507
2014;38;2;846;445;59246
2014;39;1;1081;267;63838
2014;39;2;879;485;61737
2014;40;1;1217;320;66469
2014;40;2;1028;567;64406
2014;41;1;1305;309;65405
2014;41;2;1078;573;63543
2014;42;1;1408;304;66343
2014;42;2;1043;694;64658
2014;43;1;1560;347;66367
2014;43;2;1178;748;64550
2014;44;1;1729;353;64575
2014;44;2;1224;758;63101
2014;45;1;1784;347;63652
2014;45;2;1208;818;61849
2014;46;1;2095;433;66242
2014;46;2;1397;949;64623
2014;47;1;2334;436;69825
2014;47;2;1563;1039;67276
2014;48;1;2639;491;70475
2014;48;2;1709;1170;67686
2014;49;1;3017;609;70346
2014;49;2;1817;1332;67844
2014;50;1;3310;649;69680
2014;50;2;2022;1324;67840
2014;51;1;3404;674;65240
2014;51;2;2062;1274;62708
2014;52;1;3529;792;61737
2014;52;2;2116;1278;60080
2014;53;1;3872;904;59601
2014;53;2;2131;1383;58138
2014;54;1;4069;968;58424
2014;54;2;2408;1348;57550
2014;55;1;4501;998;58713
2014;55;2;2502;1396;57410
2014;56;1;4945;1201;58217
2014;56;2;2693;1420;57248
2014;57;1;5421;1351;58302
2014;57;2;2891;1608;58056
2014;58;1;5967;1494;58694
2014;58;2;3063;1575;57556
2014;59;1;6355;1636;56980
2014;59;2;3429;1669;57003
2014;60;1;6724;1923;55650
2014;60;2;3514;1772;55562
2014;61;1;7353;2162;56768
2014;61;2;3852;1982;56625
2014;62;1;7908;2283;55769
2014;62;2;4165;2083;56112
2014;63;1;8425;2487;54600
2014;63;2;4460;2142;55438
2014;64;1;9498;2825;56926
2014;64;2;4971;2378;57331
2014;65;1;10522;3305;58175
2014;65;2;5649;2514;59353
2014;66;1;11510;3567;59483
2014;66;2;6301;2765;61106
2014;67;1;12382;4024;59545
2014;67;2;6858;2962;61035
2014;68;1;13441;4287;59735
2014;68;2;7433;3160;61184
2014;69;1;13942;4607;58732
2014;69;2;7899;3261;59895
2014;70;1;14346;4840;56953
2014;70;2;8451;3297;58182
2014;71;1;14003;4382;52011
2014;71;2;8537;3228;54160
2014;72;1;13301;4082;47198
2014;72;2;8329;2985;48827
2014;73;1;12305;3642;40566
2014;73;2;8014;2671;42958
2014;74;1;12156;3503;37704
2014;74;2;8086;2640;40427
2014;75;1;12275;3482;36481
2014;75;2;8656;2588;40157
2014;76;1;11998;3303;33562
2014;76;2;8853;2408;38260
2014;77;1;11555;3189;30745
2014;77;2;8861;2253;35585
2014;78;1;11301;2985;28489
2014;78;2;8887;2177;34016
2014;79;1;10712;2774;26155
2014;79;2;8976;1975;31419
2014;80;1;10001;2365;23434
2014;80;2;8949;1933;30132
2014;81;1;9636;2367;21727
2014;81;2;8993;1805;28566
2014;82;1;9726;2218;20850
2014;82;2;9427;1840;28313
2014;83;1;8991;2073;18935
2014;83;2;9500;1723;27093
2014;84;1;8684;1967;17579
2014;84;2;9616;1711;26154
2014;85;1;7597;1757;15165
2014;85;2;9057;1599;23626
2014;86;1;7092;1520;13951
2014;86;2;9146;1552;22595
2014;87;1;6169;1233;11660
2014;87;2;8269;1355;20188
2014;88;1;5433;1185;10267
2014;88;2;7886;1213;18477
2014;89;1;4796;932;8791
2014;89;2;7293;1032;16684
2014;90;1;3952;779;7102
2014;90;2;6389;913;14450
2014;91;1;3258;650;5867
2014;91;2;5511;797;12298
2014;92;1;2489;469;4446
2014;92;2;4656;612;10037
2014;93;1;1949;354;3511
2014;93;2;4136;543;8801
2014;94;1;1531;270;2704
2014;94;2;3371;479;7256
2014;95;1;901;182;1598
2014;95;2;2123;292;4509
2014;96;1;548;115;1018
2014;96;2;1457;207;3216
2014;97;1;386;73;700
2014;97;2;1048;147;2327
2014;98;1;228;24;417
2014;98;2;698;93;1547
2014;99;1;123;16;206
2014;99;2;417;67;981
2014;100;1;147;40;321
2014;100;2;635;82;1631
2015;8;1;22;30;134
2015;8;2;25;27;118
2015;9;1;32;33;146
2015;9;2;23;21;106
2015;10;1;22;26;129
2015;10;2;28;16;96
2015;11;1;26;23;155
2015;11;2;32;28;145
2015;12;1;21;30;145
2015;12;2;23;22;118
2015;13;1;32;27;171
2015;13;2;25;22;143
2015;14;1;21;28;155
2015;14;2;31;24;177
2015;15;1;45;55;53343
2015;15;2;47;45;49676
2015;16;1;49;50;52372
2015;16;2;59;60;48896
2015;17;1;104;62;54144
2015;17;2;95;63;49327
2015;18;1;223;63;54564
2015;18;2;205;64;50274
2015;19;1;477;62;56751
2015;19;2;409;46;52805
2015;20;1;650;66;60951
2015;20;2;468;58;56581
2015;21;1;677;87;64983
2015;21;2;494;96;61364
2015;22;1;729;115;67819
2015;22;2;532;88;64046
2015;23;1;793;116;71202
2015;23;2;559;122;67090
2015;24;1;762;130;73107
2015;24;2;622;127;68935
2015;25;1;799;148;74081
2015;25;2;628;116;70617
2015;26;1;723;130;70899
2015;26;2;594;160;67746
2015;27;1;754;135;70216
2015;27;2;635;187;66874
2015;28;1;663;148;66758
2015;28;2;621;193;64503
2015;29;1;716;149;66818
2015;29;2;565;210;63545
2015;30;1;680;155;66008
2015;30;2;591;238;62198
2015;31;1;674;170;64089
2015;31;2;640;251;60243
2015;32;1;746;183;62684
2015;32;2;596;263;59255
2015;33;1;763;175;62982
2015;33;2;678;316;59708
2015;34;1;755;202;62035
2015;34;2;689;324;59497
2015;35;1;779;205;64096
2015;35;2;747;389;61372
2015;36;1;839;243;62414
2015;36;2;786;388;59731
2015;37;1;879;251;60385
2015;37;2;800;374;58122
2015;38;1;964;207;61460
2015;38;2;874;481;58805
2015;39;1;1028;270;62049
2015;39;2;931;506;59681
2015;40;1;1184;297;64254
2015;40;2;899;582;62138
2015;41;1;1359;334;66964
2015;41;2;1110;604;64851
2015;42;1;1421;339;65764
2015;42;2;1113;656;63931
2015;43;1;1533;335;66802
2015;43;2;1117;773;65016
2015;44;1;1765;394;66718
2015;44;2;1260;859;64899
2015;45;1;1896;386;64930
2015;45;2;1308;867;63376
2015;46;1;1972;397;63926
2015;46;2;1338;915;62120
2015;47;1;2307;500;66487
2015;47;2;1543;1036;64818
2015;48;1;2634;521;70009
2015;48;2;1653;1167;67496
2015;49;1;2925;550;70552
2015;49;2;1880;1261;67823
2015;50;1;3294;691;70419
2015;50;2;1986;1449;67990
2015;51;1;3630;719;69767
2015;51;2;2201;1416;67907
2015;52;1;3726;809;65226
2015;52;2;2225;1390;62759
2015;53;1;3865;883;61696
2015;53;2;2300;1354;60133
2015;54;1;4275;1037;59503
2015;54;2;2333;1409;58122
2015;55;1;4437;1091;58315
2015;55;2;2577;1419;57544
2015;56;1;5004;1183;58601
2015;56;2;2658;1494;57351
2015;57;1;5388;1320;58090
2015;57;2;2888;1491;57169
2015;58;1;5880;1553;58104
2015;58;2;3113;1723;57939
2015;59;1;6459;1726;58496
2015;59;2;3329;1752;57392
2015;60;1;6940;1899;56689
2015;60;2;3642;1792;56837
2015;61;1;7232;2180;55329
2015;61;2;3862;1903;55366
2015;62;1;7909;2396;56392
2015;62;2;4170;2085;56363
2015;63;1;8523;2531;55370
2015;63;2;4441;2209;55818
2015;64;1;9003;2765;54172
2015;64;2;4807;2268;55140
2015;65;1;10289;3125;56402
2015;65;2;5376;2509;56992
2015;66;1;11137;3532;57491
2015;66;2;6038;2647;58911
2015;67;1;12119;3898;58768
2015;67;2;6768;2855;60634
2015;68;1;12995;4297;58705
2015;68;2;7271;3081;60511
2015;69;1;14024;4582;58899
2015;69;2;8002;3331;60582
2015;70;1;14427;4797;57814
2015;70;2;8370;3405;59240
2015;71;1;14806;4933;55865
2015;71;2;9006;3447;57494
2015;72;1;14505;4510;50982
2015;72;2;9012;3354;53396
2015;73;1;13845;4178;46155
2015;73;2;8815;3053;48158
2015;74;1;12662;3744;39538
2015;74;2;8384;2776;42256
2015;75;1;12495;3591;36663
2015;75;2;8567;2648;39664
2015;76;1;12415;3471;35330
2015;76;2;9009;2534;39342
2015;77;1;12064;3337;32450
2015;77;2;9239;2413;37355
2015;78;1;11615;3170;29543
2015;78;2;9178;2279;34645
2015;79;1;11257;2930;27190
2015;79;2;9194;2215;33066
2015;80;1;10540;2722;24849
2015;80;2;9156;1984;30362
2015;81;1;9655;2278;22094
2015;81;2;9042;1948;28923
2015;82;1;9399;2286;20382
2015;82;2;9006;1820;27314
2015;83;1;9248;2129;19318
2015;83;2;9324;1844;26820
2015;84;1;8600;1942;17449
2015;84;2;9350;1708;25518
2015;85;1;8116;1820;15893
2015;85;2;9314;1629;24402
2015;86;1;6992;1603;13544
2015;86;2;8770;1541;21874
2015;87;1;6337;1358;12261
2015;87;2;8688;1434;20606
2015;88;1;5408;1080;10089
2015;88;2;7755;1243;18267
2015;89;1;4780;998;8713
2015;89;2;7190;1060;16378
2015;90;1;4069;831;7295
2015;90;2;6481;916;14536
2015;91;1;3246;628;5805
2015;91;2;5574;791;12360
2015;92;1;2613;505;4595
2015;92;2;4688;662;10205
2015;93;1;1895;343;3387
2015;93;2;3852;512;8156
2015;94;1;1495;292;2660
2015;94;2;3315;438;6970
2015;95;1;1150;195;1954
2015;95;2;2649;368;5611
2015;96;1;616;144;1110
2015;96;2;1603;223;3374
2015;97;1;380;76;694
2015;97;2;1058;149;2319
2015;98;1;259;50;450
2015;98;2;720;97;1620
2015;99;1;132;18;256
2015;99;2;450;60;1060
2015;100;1;159;33;313
2015;100;2;635;108;1581
2016;9;1;26;24;131
2016;9;2;27;23;129
2016;10;1;29;28;153
2016;10;2;23;13;97
2016;11;1;20;27;128
2016;11;2;28;18;125
2016;12;1;30;21;147
2016;12;2;35;24;154
2016;13;1;24;29;147
2016;13;2;26;21;120
2016;14;1;38;24;176
2016;14;2;33;22;139
2016;15;1;52;50;54376
2016;15;2;55;41;50467
2016;16;1;62;54;55276
2016;16;2;61;48;50588
2016;17;1;92;55;54672
2016;17;2;88;60;49878
2016;18;1;264;65;56440
2016;18;2;215;68;50429
2016;19;1;484;63;55962
2016;19;2;424;62;51230
2016;20;1;516;71;58248
2016;20;2;448;59;53961
2016;21;1;686;76;62720
2016;21;2;492;68;57633
2016;22;1;702;86;66910
2016;22;2;527;102;62826
2016;23;1;742;115;69831
2016;23;2;545;92;65652
2016;24;1;805;132;73218
2016;24;2;566;124;68828
2016;25;1;750;138;75107
2016;25;2;646;137;70488
2016;26;1;816;182;76169
2016;26;2;666;150;72209
2016;27;1;739;142;73052
2016;27;2;632;199;69313
2016;28;1;759;142;72131
2016;28;2;670;206;68335
2016;29;1;681;154;68548
2016;29;2;648;213;65974
2016;30;1;735;157;68581
2016;30;2;594;235;64899
2016;31;1;717;185;67699
2016;31;2;626;273;63442
2016;32;1;721;186;65619
2016;32;2;658;292;61421
2016;33;1;764;202;63998
2016;33;2;634;305;60349
2016;34;1;824;182;64213
2016;34;2;744;341;60578
2016;35;1;790;215;63157
2016;35;2;755;364;60392
2016;36;1;848;225;65260
2016;36;2;779;423;62313
2016;37;1;895;237;63371
2016;37;2;826;443;60503
2016;38;1;982;244;61321
2016;38;2;852;438;58877
2016;39;1;1062;223;62228
2016;39;2;967;524;59469
2016;40;1;1121;281;62788
2016;40;2;1009;575;60211
2016;41;1;1319;309;64999
2016;41;2;958;666;62656
2016;42;1;1463;341;67617
2016;42;2;1172;668;65449
2016;43;1;1596;367;66285
2016;43;2;1201;738;64429
2016;44;1;1721;367;67356
2016;44;2;1192;850;65443
2016;45;1;1945;424;67173
2016;45;2;1356;925;65301
2016;46;1;2115;436;65313
2016;46;2;1395;944;63773
2016;47;1;2184;460;64300
2016;47;2;1421;984;62459
2016;48;1;2554;548;66806
2016;48;2;1656;1159;65106
2016;49;1;2878;607;70200
2016;49;2;1785;1229;67709
2016;50;1;3264;660;70756
2016;50;2;2026;1369;68025
2016;51;1;3613;767;70601
2016;51;2;2147;1513;68189
2016;52;1;3995;851;69852
2016;52;2;2406;1490;68061
2016;53;1;4076;949;65358
2016;53;2;2409;1444;62881
2016;54;1;4251;1017;61746
2016;54;2;2426;1451;60270
2016;55;1;4648;1156;59515
2016;55;2;2497;1447;58181
2016;56;1;4831;1248;58276
2016;56;2;2725;1443;57587
2016;57;1;5424;1334;58488
2016;57;2;2844;1509;57310
2016;58;1;5829;1522;57959
2016;58;2;3104;1556;57171
2016;59;1;6420;1769;57945
2016;59;2;3418;1828;57864
2016;60;1;6856;1948;58263
2016;60;2;3592;1857;57220
2016;61;1;7420;2134;56354
2016;61;2;3841;1895;56668
2016;62;1;7766;2413;54992
2016;62;2;4100;2006;55190
2016;63;1;8458;2623;55984
2016;63;2;4538;2188;56133
2016;64;1;9066;2810;54934
2016;64;2;4853;2258;55532
2016;65;1;9790;3002;53613
2016;65;2;5130;2377;54822
2016;66;1;10851;3365;55807
2016;66;2;5707;2637;56598
2016;67;1;11670;3750;56838
2016;67;2;6452;2827;58462
2016;68;1;12669;4246;57979
2016;68;2;7192;3048;60135
2016;69;1;13571;4556;57879
2016;69;2;7803;3255;59997
2016;70;1;14494;4807;57915
2016;70;2;8564;3472;59945
2016;71;1;14970;4932;56857
2016;71;2;8885;3498;58567
2016;72;1;15272;5044;54722
2016;72;2;9590;3565;56688
2016;73;1;14972;4687;49894
2016;73;2;9561;3456;52584
2016;74;1;14240;4340;45008
2016;74;2;9327;3139;47393
2016;75;1;12862;3766;38542
2016;75;2;8837;2850;41526
2016;76;1;12636;3648;35544
2016;76;2;8913;2645;38886
2016;77;1;12576;3541;34118
2016;77;2;9318;2493;38464
2016;78;1;12119;3367;31189
2016;78;2;9619;2379;36437
2016;79;1;11538;3130;28265
2016;79;2;9439;2285;33589
2016;80;1;11050;2807;25889
2016;80;2;9342;2197;31948
2016;81;1;10259;2584;23402
2016;81;2;9281;1978;29217
2016;82;1;9374;2310;20765
2016;82;2;9050;1900;27666
2016;83;1;9034;2187;18969
2016;83;2;8900;1780;25959
2016;84;1;8726;2035;17809
2016;84;2;9167;1789;25262
2016;85;1;7991;1785;15842
2016;85;2;9100;1632;23853
2016;86;1;7461;1672;14229
2016;86;2;8868;1540;22545
2016;87;1;6268;1409;11947
2016;87;2;8308;1397;20000
2016;88;1;5693;1215;10675
2016;88;2;7995;1311;18536
2016;89;1;4753;994;8724
2016;89;2;7086;1161;16319
2016;90;1;3997;802;7258
2016;90;2;6354;990;14219
2016;91;1;3332;680;5915
2016;91;2;5592;780;12327
2016;92;1;2633;478;4628
2016;92;2;4751;695;10351
2016;93;1;2037;373;3533
2016;93;2;3921;534;8327
2016;94;1;1426;253;2513
2016;94;2;3033;407;6442
2016;95;1;1118;209;1945
2016;95;2;2579;368;5423
2016;96;1;805;140;1352
2016;96;2;1980;286;4191
2016;97;1;404;81;713
2016;97;2;1144;167;2454
2016;98;1;250;44;463
2016;98;2;729;92;1599
2016;99;1;166;33;297
2016;99;2;504;60;1129
2016;100;1;155;34;331
2016;100;2;665;98;1649
2017;10;1;29;22;147
2017;10;2;34;22;135
2017;11;1;33;21;152
2017;11;2;24;20;121
2017;12;1;24;28;151
2017;12;2;33;20;137
2017;13;1;31;29;174
2017;13;2;35;23;158
2017;14;1;30;27;170
2017;14;2;32;30;186
2017;15;1;68;64;57020
2017;15;2;63;43;53502
2017;16;1;76;50;56212
2017;16;2;84;45;51295
2017;17;1;102;56;57341
2017;17;2;100;58;51406
2017;18;1;247;56;58104
2017;18;2;236;69;50994
2017;19;1;514;62;57521
2017;19;2;415;58;51176
2017;20;1;538;66;56762
2017;20;2;448;72;52093
2017;21;1;585;74;59090
2017;21;2;470;71;54862
2017;22;1;703;85;63933
2017;22;2;526;83;58829
2017;23;1;721;88;68387
2017;23;2;539;120;64222
2017;24;1;730;133;71244
2017;24;2;549;108;67149
2017;25;1;818;142;74698
2017;25;2;599;149;70278
2017;26;1;778;142;76655
2017;26;2;646;151;71992
2017;27;1;823;198;77685
2017;27;2;690;183;73703
2017;28;1;753;143;74531
2017;28;2;680;214;70729
2017;29;1;780;163;73588
2017;29;2;698;239;69773
2017;30;1;724;167;69930
2017;30;2;699;237;67164
2017;31;1;760;168;69878
2017;31;2;661;267;66105
2017;32;1;778;208;68854
2017;32;2;683;322;64662
2017;33;1;747;206;66674
2017;33;2;706;326;62499
2017;34;1;810;204;64972
2017;34;2;679;347;61367
2017;35;1;855;204;65262
2017;35;2;786;352;61468
2017;36;1;845;236;63938
2017;36;2;812;393;61150
2017;37;1;931;240;66056
2017;37;2;840;438;63091
2017;38;1;953;260;64065
2017;38;2;875;490;61221
2017;39;1;1067;243;61985
2017;39;2;901;470;59548
2017;40;1;1108;255;62805
2017;40;2;1024;619;60126
2017;41;1;1222;284;63337
2017;41;2;1052;630;60749
2017;42;1;1451;344;65445
2017;42;2;1048;741;63181
2017;43;1;1604;342;68064
2017;43;2;1229;718;65966
2017;44;1;1729;393;66698
2017;44;2;1285;805;64799
2017;45;1;1908;424;67751
2017;45;2;1292;933;65792
2017;46;1;2169;453;67441
2017;46;2;1475;1021;65637
2017;47;1;2275;484;65631
2017;47;2;1465;1038;64054
2017;48;1;2418;514;64582
2017;48;2;1525;1083;62689
2017;49;1;2754;616;66999
2017;49;2;1794;1254;65273
2017;50;1;3164;679;70355
2017;50;2;1928;1327;67876
2017;51;1;3630;760;70836
2017;51;2;2174;1437;68184
2017;52;1;4013;916;70642
2017;52;2;2304;1552;68287
2017;53;1;4383;974;69859
2017;53;2;2569;1541;68124
2017;54;1;4464;1034;65304
2017;54;2;2592;1507;62906
2017;55;1;4688;1148;61696
2017;55;2;2584;1524;60288
2017;56;1;5029;1279;59360
2017;56;2;2683;1440;58152
2017;57;1;5318;1434;58150
2017;57;2;2867;1553;57551
2017;58;1;5890;1550;58355
2017;58;2;3091;1602;57206
2017;59;1;6320;1716;57749
2017;59;2;3334;1669;57020
2017;60;1;6999;1983;57739
2017;60;2;3701;1923;57712
2017;61;1;7434;2288;57938
2017;61;2;3783;1981;57004
2017;62;1;7936;2334;55967
2017;62;2;4072;2053;56458
2017;63;1;8276;2674;54590
2017;63;2;4379;2156;54923
2017;64;1;8975;2900;55440
2017;64;2;4837;2317;55812
2017;65;1;9746;3009;54412
2017;65;2;5188;2340;55187
2017;66;1;10308;3270;53084
2017;66;2;5473;2473;54412
2017;67;1;11266;3671;55134
2017;67;2;6065;2753;56166
2017;68;1;12177;4106;56117
2017;68;2;6883;2990;57961
2017;69;1;13211;4558;57175
2017;69;2;7578;3150;59603
2017;70;1;13981;4733;56929
2017;70;2;8230;3392;59350
2017;71;1;14976;4895;56889
2017;71;2;9162;3622;59244
2017;72;1;15436;5154;55815
2017;72;2;9487;3630;57780
2017;73;1;15777;5261;53584
2017;73;2;10181;3696;55868
2017;74;1;15372;4813;48756
2017;74;2;9957;3604;51715
2017;75;1;14544;4488;43855
2017;75;2;9819;3094;46554
2017;76;1;13081;3844;37457
2017;76;2;9139;2738;40671
2017;77;1;12743;3652;34344
2017;77;2;9228;2644;38008
2017;78;1;12612;3486;32809
2017;78;2;9673;2445;37437
2017;79;1;12085;3401;29878
2017;79;2;9868;2359;35374
2017;80;1;11483;3106;26982
2017;80;2;9501;2290;32460
2017;81;1;10824;2760;24501
2017;81;2;9402;2239;30717
2017;82;1;9943;2549;22020
2017;82;2;9271;1973;27906
2017;83;1;8981;2210;19243
2017;83;2;9025;1871;26273
2017;84;1;8503;2044;17425
2017;84;2;8768;1708;24437
2017;85;1;8176;1912;16195
2017;85;2;8913;1733;23622
2017;86;1;7381;1650;14232
2017;86;2;8841;1557;22087
2017;87;1;6718;1497;12538
2017;87;2;8295;1452;20594
2017;88;1;5590;1244;10379
2017;88;2;7593;1286;17947
2017;89;1;4874;1080;9064
2017;89;2;7242;1191;16418
2017;90;1;3902;848;7154
2017;90;2;6311;996;14228
2017;91;1;3288;614;5898
2017;91;2;5591;837;12147
2017;92;1;2627;533;4632
2017;92;2;4758;683;10356
2017;93;1;2071;388;3568
2017;93;2;3894;593;8450
2017;94;1;1522;299;2666
2017;94;2;3072;426;6578
2017;95;1;1038;180;1801
2017;95;2;2275;332;4944
2017;96;1;754;143;1327
2017;96;2;1916;292;4071
2017;97;1;560;97;928
2017;97;2;1422;200;3039
2017;98;1;260;44;444
2017;98;2;814;111;1686
2017;99;1;164;25;288
2017;99;2;458;54;1041
2017;100;1;182;35;352
2017;100;2;714;94;1733
2018;11;1;32;22;162
2018;11;2;38;21;141
2018;12;1;36;19;175
2018;12;2;30;19;136
2018;13;1;25;32;167
2018;13;2;34;23;159
2018;14;1;39;32;201
2018;14;2;41;22;188
2018;15;1;64;58;58924
2018;15;2;56;55;55428
2018;16;1;91;60;57932
2018;16;2;81;52;54184
2018;17;1;117;49;57118
2018;17;2;126;56;51942
2018;18;1;274;54;58759
2018;18;2;243;52;52247
2018;19;1;495;52;61157
2018;19;2;397;65;51586
2018;20;1;566;75;59129
2018;20;2;449;63;51882
2018;21;1;603;69;57475
2018;21;2;451;77;52775
2018;22;1;619;77;60032
2018;22;2;466;80;55880
2018;23;1;685;91;65026
2018;23;2;519;100;60151
2018;24;1;741;107;69412
2018;24;2;562;130;65503
2018;25;1;733;128;72383
2018;25;2;569;128;68406
2018;26;1;834;154;75826
2018;26;2;612;162;71517
2018;27;1;780;159;77893
2018;27;2;688;168;73245
2018;28;1;825;195;78891
2018;28;2;720;214;75061
2018;29;1;781;153;75732
2018;29;2;717;235;71991
2018;30;1;838;181;74824
2018;30;2;735;283;70992
2018;31;1;738;160;71046
2018;31;2;726;279;68269
2018;32;1;823;177;70941
2018;32;2;722;292;67203
2018;33;1;815;223;69839
2018;33;2;696;345;65627
2018;34;1;815;215;67580
2018;34;2;747;332;63451
2018;35;1;845;213;65814
2018;35;2;741;374;62206
2018;36;1;897;213;65999
2018;36;2;817;382;62314
2018;37;1;929;251;64618
2018;37;2;816;431;61827
2018;38;1;1002;254;66700
2018;38;2;894;485;63753
2018;39;1;1021;269;64665
2018;39;2;926;527;61828
2018;40;1;1116;266;62461
2018;40;2;927;536;60079
2018;41;1;1192;279;63209
2018;41;2;1081;657;60662
2018;42;1;1317;295;63748
2018;42;2;1111;680;61198
2018;43;1;1584;354;65804
2018;43;2;1100;794;63560
2018;44;1;1767;375;68427
2018;44;2;1316;800;66248
2018;45;1;1903;420;67014
2018;45;2;1355;863;65118
2018;46;1;2086;466;68073
2018;46;2;1411;1047;66117
2018;47;1;2362;484;67656
2018;47;2;1536;1075;65879
2018;48;1;2487;513;65791
2018;48;2;1575;1132;64288
2018;49;1;2650;569;64729
2018;49;2;1607;1199;62899
2018;50;1;3004;684;67111
2018;50;2;1910;1332;65435
2018;51;1;3482;783;70386
2018;51;2;2098;1425;68027
2018;52;1;4022;902;70846
2018;52;2;2340;1547;68292
2018;53;1;4405;1048;70583
2018;53;2;2466;1556;68387
2018;54;1;4768;1088;69734
2018;54;2;2739;1597;68117
2018;55;1;4886;1164;65200
2018;55;2;2759;1545;62930
2018;56;1;5140;1294;61620
2018;56;2;2746;1598;60217
2018;57;1;5460;1445;59162
2018;57;2;2860;1498;58073
2018;58;1;5828;1610;58011
2018;58;2;3099;1645;57443
2018;59;1;6357;1735;58140
2018;59;2;3315;1709;57103
2018;60;1;6844;1877;57477
2018;60;2;3619;1755;56841
2018;61;1;7543;2259;57416
2018;61;2;3924;1978;57485
2018;62;1;7983;2570;57558
2018;62;2;4061;2091;56760
2018;63;1;8530;2610;55543
2018;63;2;4337;2157;56182
2018;64;1;8769;2872;54107
2018;64;2;4631;2239;54606
2018;65;1;9698;3171;54863
2018;65;2;5174;2416;55454
2018;66;1;10326;3244;53853
2018;66;2;5544;2469;54815
2018;67;1;10724;3442;52389
2018;67;2;5878;2580;53994
2018;68;1;11720;3949;54437
2018;68;2;6509;2868;55645
2018;69;1;12557;4296;55330
2018;69;2;7328;3163;57388
2018;70;1;13652;4791;56266
2018;70;2;8077;3375;58946
2018;71;1;14490;4905;55987
2018;71;2;8774;3505;58646
2018;72;1;15417;4954;55799
2018;72;2;9667;3772;58424
2018;73;1;15813;5314;54673
2018;73;2;10014;3741;56903
2018;74;1;16208;5305;52353
2018;74;2;10633;3853;54946
2018;75;1;15615;4969;47481
2018;75;2;10479;3662;50760
2018;76;1;14852;4683;42593
2018;76;2;10170;3098;45646
2018;77;1;13062;3930;36169
2018;77;2;9517;2792;39786
2018;78;1;12797;3744;33097
2018;78;2;9498;2616;36979
2018;79;1;12596;3586;31473
2018;79;2;9985;2465;36401
2018;80;1;11949;3360;28442
2018;80;2;10036;2374;34228
2018;81;1;11234;3054;25519
2018;81;2;9639;2355;31260
2018;82;1;10443;2693;22995
2018;82;2;9428;2239;29379
2018;83;1;9602;2427;20463
2018;83;2;9208;1970;26559
2018;84;1;8513;2148;17707
2018;84;2;8917;1817;24807
2018;85;1;7974;1961;15890
2018;85;2;8486;1653;22857
2018;86;1;7539;1814;14550
2018;86;2;8532;1642;21870
2018;87;1;6604;1507;12569
2018;87;2;8350;1486;20252
2018;88;1;5858;1356;10880
2018;88;2;7734;1349;18577
2018;89;1;4815;1042;8845
2018;89;2;6860;1161;15920
2018;90;1;4120;864;7535
2018;90;2;6411;1007;14244
2018;91;1;3178;679;5810
2018;91;2;5505;857;12192
2018;92;1;2643;507;4713
2018;92;2;4720;676;10207
2018;93;1;2055;441;3593
2018;93;2;3929;525;8423
2018;94;1;1577;307;2682
2018;94;2;3180;481;6795
2018;95;1;1084;227;1935
2018;95;2;2370;346;5065
2018;96;1;733;131;1287
2018;96;2;1678;258;3694
2018;97;1;503;89;899
2018;97;2;1373;226;2972
2018;98;1;339;75;607
2018;98;2;1010;138;2116
2018;99;1;163;30;265
2018;99;2;532;72;1136
2018;100;1;192;37;362
2018;100;2;707;107;1703
2019;12;1;38;21;151
2019;12;2;38;26;154
2019;13;1;41;16;181
2019;13;2;28;24;152
2019;14;1;29;29;173
2019;14;2;36;30;173
2019;15;1;84;73;60382
2019;15;2;79;64;56532
2019;16;1;95;62;59507
2019;16;2;74;56;55990
2019;17;1;147;73;58495
2019;17;2;117;64;54673
2019;18;1;293;58;57745
2019;18;2;296;60;52534
2019;19;1;535;59;59991
2019;19;2;446;46;52852
2019;20;1;564;54;64376
2019;20;2;415;77;52174
2019;21;1;622;83;60509
2019;21;2;459;72;52559
2019;22;1;630;69;58457
2019;22;2;485;81;53763
2019;23;1;648;81;61070
2019;23;2;485;86;57047
2019;24;1;689;97;66116
2019;24;2;519;118;61290
2019;25;1;754;122;70458
2019;25;2;604;139;66684
2019;26;1;734;120;73511
2019;26;2;610;154;69658
2019;27;1;833;167;76915
2019;27;2;635;185;72629
2019;28;1;804;172;78898
2019;28;2;711;186;74366
2019;29;1;816;201;79985
2019;29;2;745;238;76239
2019;30;1;822;170;76718
2019;30;2;767;255;73067
2019;31;1;887;200;75892
2019;31;2;769;313;71919
2019;32;1;759;173;71870
2019;32;2;793;290;69232
2019;33;1;833;181;71808
2019;33;2;799;316;67969
2019;34;1;849;235;70676
2019;34;2;725;356;66381
2019;35;1;874;244;68290
2019;35;2;772;372;64179
2019;36;1;902;221;66475
2019;36;2;798;401;62825
2019;37;1;948;237;66692
2019;37;2;880;421;62855
2019;38;1;974;244;65065
2019;38;2;830;462;62393
2019;39;1;1078;283;67171
2019;39;2;953;553;64264
2019;40;1;1117;284;65102
2019;40;2;976;595;62267
2019;41;1;1212;282;62845
2019;41;2;1003;606;60462
2019;42;1;1325;313;63597
2019;42;2;1133;691;61060
2019;43;1;1436;304;64080
2019;43;2;1195;745;61498
2019;44;1;1719;376;66055
2019;44;2;1185;851;63869
2019;45;1;1925;400;68653
2019;45;2;1394;869;66534
2019;46;1;2055;465;67209
2019;46;2;1440;966;65316
2019;47;1;2285;525;68271
2019;47;2;1523;1117;66312
2019;48;1;2612;549;67749
2019;48;2;1610;1158;66039
2019;49;1;2782;576;65943
2019;49;2;1710;1242;64380
2019;50;1;2931;658;64819
2019;50;2;1746;1288;62995
2019;51;1;3313;761;67196
2019;51;2;2073;1413;65492
2019;52;1;3912;910;70379
2019;52;2;2253;1476;68057
2019;53;1;4421;1041;70781
2019;53;2;2462;1610;68312
2019;54;1;4826;1150;70468
2019;54;2;2652;1597;68337
2019;55;1;5224;1275;69592
2019;55;2;2911;1675;68014
2019;56;1;5326;1300;65030
2019;56;2;2925;1623;62881
2019;57;1;5545;1424;61446
2019;57;2;2946;1696;60128
2019;58;1;5888;1608;58922
2019;58;2;3045;1609;57949
2019;59;1;6303;1771;57808
2019;59;2;3295;1791;57332
2019;60;1;6836;1984;57846
2019;60;2;3457;1861;56922
2019;61;1;7368;2129;57140
2019;61;2;3914;1876;56625
2019;62;1;8118;2531;57036
2019;62;2;4152;2049;57172
2019;63;1;8498;2788;57125
2019;63;2;4426;2212;56498
2019;64;1;9005;2796;55101
2019;64;2;4714;2287;55834
2019;65;1;9418;3129;53631
2019;65;2;4925;2392;54242
2019;66;1;10276;3352;54237
2019;66;2;5504;2523;55034
2019;67;1;10851;3507;53243
2019;67;2;5912;2628;54444
2019;68;1;11226;3647;51737
2019;68;2;6373;2702;53559
2019;69;1;12200;4189;53638
2019;69;2;6942;2953;55149
2019;70;1;12918;4432;54515
2019;70;2;7752;3326;56781
2019;71;1;14101;4798;55349
2019;71;2;8595;3502;58340
2019;72;1;14870;4932;54978
2019;72;2;9282;3648;57921
2019;73;1;15890;5040;54620
2019;73;2;10124;3944;57586
2019;74;1;16230;5248;53443
2019;74;2;10627;3895;56029
2019;75;1;16678;5243;51026
2019;75;2;11150;3884;53999
2019;76;1;15828;5041;46101
2019;76;2;10923;3687;49783
2019;77;1;15068;4775;41292
2019;77;2;10635;3123;44659
2019;78;1;13328;4081;34939
2019;78;2;9904;2777;38778
2019;79;1;12800;3763;31757
2019;79;2;9813;2554;36020
2019;80;1;12438;3535;30039
2019;80;2;10201;2492;35234
2019;81;1;11803;3320;27018
2019;81;2;10147;2391;33062
2019;82;1;10907;2980;24021
2019;82;2;9770;2284;29970
2019;83;1;10046;2587;21520
2019;83;2;9444;2174;27962
2019;84;1;9263;2363;18904
2019;84;2;9081;1943;25157
2019;85;1;8067;2049;16211
2019;85;2;8743;1801;23252
2019;86;1;7417;1801;14386
2019;86;2;8193;1579;21240
2019;87;1;6800;1629;12922
2019;87;2;8196;1525;20102
2019;88;1;5932;1379;11054
2019;88;2;7754;1391;18362
2019;89;1;5147;1182;9373
2019;89;2;7170;1237;16630
2019;90;1;4093;903;7432
2019;90;2;6185;1029;14005
2019;91;1;3451;692;6182
2019;91;2;5626;891;12335
2019;92;1;2598;558;4693
2019;92;2;4765;713;10303
2019;93;1;2086;410;3683
2019;93;2;3966;550;8428
2019;94;1;1538;362;2731
2019;94;2;3190;428;6797
2019;95;1;1137;190;1955
2019;95;2;2517;404;5359
2019;96;1;752;165;1371
2019;96;2;1825;283;3869
2019;97;1;518;103;917
2019;97;2;1243;205;2736
2019;98;1;337;65;583
2019;98;2;936;171;2122
2019;99;1;203;44;376
2019;99;2;714;90;1477
2019;100;1;200;39;375
2019;100;2;768;127;1831
2020;13;1;35;28;164
2020;13;2;41;31;165
2020;14;1;42;21;183
2020;14;2;28;24;158
2020;15;1;62;68;60549
2020;15;2;75;61;57338
2020;16;1;108;75;60766
2020;16;2;101;61;56812
2020;17;1;139;62;59811
2020;17;2;115;68;56244
2020;18;1;356;70;58894
2020;18;2;279;71;55035
2020;19;1;476;59;58000
2020;19;2;453;62;52944
2020;20;1;595;58;60302
2020;20;2;473;56;53214
2020;21;1;604;66;64968
2020;21;2;450;71;52626
2020;22;1;640;90;61182
2020;22;2;502;75;53291
2020;23;1;641;80;59176
2020;23;2;486;95;54685
2020;24;1;675;86;61782
2020;24;2;502;96;57911
2020;25;1;698;106;66806
2020;25;2;556;112;62105
2020;26;1;742;137;71105
2020;26;2;627;147;67496
2020;27;1;741;140;74151
2020;27;2;647;175;70302
2020;28;1;835;167;77574
2020;28;2;713;197;73358
2020;29;1;831;182;79534
2020;29;2;759;219;74969
2020;30;1;837;212;80543
2020;30;2;791;269;76852
2020;31;1;885;181;77291
2020;31;2;845;278;73629
2020;32;1;944;217;76448
2020;32;2;857;332;72472
2020;33;1;803;196;72367
2020;33;2;842;324;69615
2020;34;1;886;205;72055
2020;34;2;862;337;68321
2020;35;1;915;253;71047
2020;35;2;830;377;66742
2020;36;1;933;246;68517
2020;36;2;810;398;64465
2020;37;1;951;241;66658
2020;37;2;870;408;63122
2020;38;1;1022;250;66970
2020;38;2;943;475;63105
2020;39;1;1096;251;65155
2020;39;2;899;483;62583
2020;40;1;1181;288;67355
2020;40;2;999;618;64500
2020;41;1;1235;298;65177
2020;41;2;1033;648;62462
2020;42;1;1337;298;62973
2020;42;2;1067;641;60633
2020;43;1;1505;337;63703
2020;43;2;1177;722;61245
2020;44;1;1588;336;64152
2020;44;2;1250;770;61592
2020;45;1;1860;412;66060
2020;45;2;1287;900;63981
2020;46;1;2118;422;68754
2020;46;2;1456;981;66625
2020;47;1;2254;491;67271
2020;47;2;1572;1067;65419
2020;48;1;2538;559;68258
2020;48;2;1651;1226;66390
2020;49;1;2869;615;67763
2020;49;2;1778;1243;66100
2020;50;1;3056;675;65891
2020;50;2;1861;1282;64429
2020;51;1;3286;732;64751
2020;51;2;1947;1350;62987
2020;52;1;3664;844;67092
2020;52;2;2234;1478;65474
2020;53;1;4258;1012;70225
2020;53;2;2419;1591;68006
2020;54;1;4870;1155;70588
2020;54;2;2630;1663;68237
2020;55;1;5260;1287;70283
2020;55;2;2874;1663;68250
2020;56;1;5714;1394;69305
2020;56;2;3155;1785;67912
2020;57;1;5707;1447;64743
2020;57;2;3123;1652;62763
2020;58;1;5950;1576;61168
2020;58;2;3158;1779;59957
2020;59;1;6379;1763;58626
2020;59;2;3293;1665;57743
2020;60;1;6777;1948;57497
2020;60;2;3527;1887;57147
2020;61;1;7291;2172;57480
2020;61;2;3786;1971;56692
2020;62;1;7892;2324;56733
2020;62;2;4124;1989;56345
2020;63;1;8595;2717;56544
2020;63;2;4388;2104;56867
2020;64;1;9004;2955;56581
2020;64;2;4687;2250;56191
2020;65;1;9452;2902;54526
2020;65;2;4990;2351;55494
2020;66;1;9949;3322;53014
2020;66;2;5267;2426;53866
2020;67;1;10738;3546;53588
2020;67;2;5767;2670;54582
2020;68;1;11225;3666;52536
2020;68;2;6241;2681;53979
2020;69;1;11556;3749;50953
2020;69;2;6670;2800;53082
2020;70;1;12435;4221;52755
2020;70;2;7235;3000;54585
2020;71;1;13244;4417;53491
2020;71;2;8143;3416;56118
2020;72;1;14480;4839;54255
2020;72;2;8981;3668;57590
2020;73;1;15210;4951;53827
2020;73;2;9605;3741;57023
2020;74;1;16002;5072;53289
2020;74;2;10479;4018;56648
2020;75;1;16436;5207;52022
2020;75;2;10879;3857;55012
2020;76;1;16781;5280;49471
2020;76;2;11512;3832;52911
2020;77;1;15813;4914;44464
2020;77;2;11207;3618;48632
2020;78;1;15020;4644;39812
2020;78;2;10754;3099;43488
2020;79;1;13025;3922;33336
2020;79;2;10059;2672;37602
2020;80;1;12415;3588;30213
2020;80;2;9830;2602;34773
2020;81;1;12013;3339;28330
2020;81;2;10153;2557;33865
2020;82;1;11152;3105;25262
2020;82;2;10033;2371;31568
2020;83;1;10255;2791;22209
2020;83;2;9519;2230;28407
2020;84;1;9416;2365;19827
2020;84;2;9209;2063;26381
2020;85;1;8412;2203;17062
2020;85;2;8682;1868;23448
2020;86;1;7280;1841;14446
2020;86;2;8230;1678;21464
2020;87;1;6535;1551;12648
2020;87;2;7686;1491;19477
2020;88;1;5852;1387;11097
2020;88;2;7394;1384;18070
2020;89;1;5072;1183;9388
2020;89;2;6870;1264;16161
2020;90;1;4205;904;7676
2020;90;2;6255;1081;14436
2020;91;1;3290;693;5965
2020;91;2;5270;858;11949
2020;92;1;2640;534;4776
2020;92;2;4678;744;10300
2020;93;1;1968;438;3575
2020;93;2;3784;571;8342
2020;94;1;1521;302;2682
2020;94;2;3125;450;6628
2020;95;1;1070;251;1937
2020;95;2;2376;350;5189
2020;96;1;785;148;1347
2020;96;2;1851;303;4010
2020;97;1;483;112;912
2020;97;2;1289;206;2797
2020;98;1;314;75;574
2020;98;2;857;129;1940
2020;99;1;205;49;357
2020;99;2;612;113;1410
2020;100;1;208;46;414
2020;100;2;862;139;2034
2021;14;1;41;33;213
2021;14;2;40;32;187
2021;15;1;102;79;62923
2021;15;2;73;65;59372
2021;16;1;86;67;60873
2021;16;2;111;59;57656
2021;17;1;180;79;61132
2021;17;2;154;60;57107
2021;18;1;342;63;60272
2021;18;2;318;66;56684
2021;19;1;550;65;59308
2021;19;2;479;78;55495
2021;20;1;564;72;58390
2021;20;2;494;62;53397
2021;21;1;646;66;60744
2021;21;2;521;62;53688
2021;22;1;671;77;65715
2021;22;2;486;81;53512
2021;23;1;682;91;62093
2021;23;2;510;81;54456
2021;24;1;645;94;60105
2021;24;2;496;90;55814
2021;25;1;697;92;62692
2021;25;2;531;105;58895
2021;26;1;728;119;67668
2021;26;2;597;122;63193
2021;27;1;745;162;72062
2021;27;2;669;172;68505
2021;28;1;796;154;74984
2021;28;2;718;197;71279
2021;29;1;873;169;78483
2021;29;2;808;233;74226
2021;30;1;893;197;80378
2021;30;2;829;231;75862
2021;31;1;860;212;81422
2021;31;2;852;295;77600
2021;32;1;938;199;78117
2021;32;2;898;310;74431
2021;33;1;982;250;77184
2021;33;2;917;355;73117
2021;34;1;861;217;73081
2021;34;2;895;369;70263
2021;35;1;977;215;72622
2021;35;2;953;363;68852
2021;36;1;981;247;71633
2021;36;2;894;407;67170
2021;37;1;1018;257;68979
2021;37;2;845;436;64873
2021;38;1;1026;243;67158
2021;38;2;923;448;63512
2021;39;1;1153;285;67391
2021;39;2;1011;522;63426
2021;40;1;1215;291;65528
2021;40;2;963;548;62890
2021;41;1;1344;302;67632
2021;41;2;1090;664;64802
2021;42;1;1358;327;65430
2021;42;2;1115;685;62740
2021;43;1;1455;325;63186
2021;43;2;1153;705;60907
2021;44;1;1639;361;63882
2021;44;2;1257;793;61469
2021;45;1;1765;379;64325
2021;45;2;1347;832;61802
2021;46;1;2016;432;66221
2021;46;2;1420;975;64142
2021;47;1;2341;474;68905
2021;47;2;1575;1098;66760
2021;48;1;2517;542;67322
2021;48;2;1714;1148;65517
2021;49;1;2842;594;68303
2021;49;2;1755;1320;66477
2021;50;1;3163;733;67786
2021;50;2;1955;1361;66172
2021;51;1;3383;740;65872
2021;51;2;2043;1334;64485
2021;52;1;3626;815;64709
2021;52;2;2136;1492;63027
2021;53;1;4046;983;67051
2021;53;2;2386;1566;65455
2021;54;1;4619;1134;70122
2021;54;2;2623;1679;67974
2021;55;1;5342;1308;70417
2021;55;2;2797;1736;68164
2021;56;1;5783;1469;70104
2021;56;2;3130;1768;68188
2021;57;1;6209;1562;69132
2021;57;2;3389;1906;67817
2021;58;1;6237;1635;64514
2021;58;2;3325;1816;62650
2021;59;1;6460;1756;60906
2021;59;2;3394;1906;59826
2021;60;1;6898;1949;58354
2021;60;2;3536;1813;57561
2021;61;1;7266;2139;57173
2021;61;2;3803;1985;56971
2021;62;1;7746;2397;57142
2021;62;2;4060;2150;56460
2021;63;1;8449;2569;56302
2021;63;2;4446;2126;56082
2021;64;1;9185;2877;56073
2021;64;2;4698;2303;56576
2021;65;1;9647;3147;56030
2021;65;2;5012;2362;55869
2021;66;1;9984;3135;53942
2021;66;2;5360;2507;55097
2021;67;1;10326;3460;52356
2021;67;2;5631;2582;53460
2021;68;1;11160;3714;52920
2021;68;2;6072;2819;54127
2021;69;1;11640;3859;51800
2021;69;2;6627;2802;53506
2021;70;1;11947;3908;50142
2021;70;2;7134;2935;52527
2021;71;1;12948;4346;51832
2021;71;2;7633;3166;53945
2021;72;1;13710;4527;52498
2021;72;2;8513;3490;55382
2021;73;1;14992;4866;53126
2021;73;2;9574;3839;56838
2021;74;1;15532;5075;52595
2021;74;2;10116;3998;56124
2021;75;1;16422;5213;51913
2021;75;2;10972;4064;55662
2021;76;1;16738;5336;50539
2021;76;2;11429;3907;53947
2021;77;1;17044;5419;47875
2021;77;2;11883;3897;51769
2021;78;1;15878;4997;42847
2021;78;2;11559;3660;47419
2021;79;1;15031;4546;38268
2021;79;2;11061;3108;42243
2021;80;1;12960;3909;31869
2021;80;2;10275;2716;36372
2021;81;1;12179;3545;28702
2021;81;2;9951;2639;33527
2021;82;1;11809;3217;26766
2021;82;2;10143;2571;32471
2021;83;1;10788;2970;23609
2021;83;2;10001;2411;30101
2021;84;1;9844;2615;20510
2021;84;2;9397;2189;26887
2021;85;1;8819;2231;18116
2021;85;2;9014;2035;24824
2021;86;1;7760;2029;15352
2021;86;2;8381;1795;21811
2021;87;1;6724;1687;12893
2021;87;2;7888;1591;19753
2021;88;1;5795;1396;11069
2021;88;2;7198;1449;17695
2021;89;1;5073;1179;9471
2021;89;2;6818;1271;16218
2021;90;1;4369;1014;7943
2021;90;2;6214;1152;14257
2021;91;1;3548;746;6314
2021;91;2;5504;976;12480
2021;92;1;2710;589;4808
2021;92;2;4601;728;10154
2021;93;1;2082;441;3724
2021;93;2;3936;639;8537
2021;94;1;1562;348;2751
2021;94;2;3097;493;6743
2021;95;1;1123;245;1970
2021;95;2;2462;363;5265
2021;96;1;778;177;1379
2021;96;2;1803;282;3960
2021;97;1;514;115;915
2021;97;2;1402;224;3027
2021;98;1;321;76;609
2021;98;2;944;172;2030
2021;99;1;202;55;363
2021;99;2;629;99;1364
2021;100;1;237;47;435
2021;100;2;954;161;2224
2022;15;1;88;83;63638
2022;15;2;95;84;59908
2022;16;1;153;82;63257
2022;16;2;97;66;59681
2022;17;1;146;73;61228
2022;17;2;175;61;57922
2022;18;1;401;82;61620
2022;18;2;332;69;57548
2022;19;1;613;57;60737
2022;19;2;494;58;57199
2022;20;1;614;67;59790
2022;20;2;512;82;55985
2022;21;1;602;76;58852
2022;21;2;549;67;53968
2022;22;1;689;79;61582
2022;22;2;546;69;54621
2022;23;1;695;78;66822
2022;23;2;517;81;54764
2022;24;1;678;94;63158
2022;24;2;542;92;55674
2022;25;1;639;109;61190
2022;25;2;525;96;57012
2022;26;1;722;98;63727
2022;26;2;576;108;60100
2022;27;1;740;132;68659
2022;27;2;637;133;64396
2022;28;1;817;180;73133
2022;28;2;732;186;69645
2022;29;1;836;158;76090
2022;29;2;784;218;72383
2022;30;1;903;188;79585
2022;30;2;874;234;75258
2022;31;1;961;217;81319
2022;31;2;905;267;76852
2022;32;1;931;208;82475
2022;32;2;964;332;78465
2022;33;1;1014;214;79144
2022;33;2;979;352;75292
2022;34;1;1054;254;78197
2022;34;2;991;371;73857
2022;35;1;938;233;73922
2022;35;2;952;391;70930
2022;36;1;1033;225;73372
2022;36;2;1002;398;69419
2022;37;1;1055;250;72301
2022;37;2;969;414;67723
2022;38;1;1104;268;69586
2022;38;2;935;485;65293
2022;39;1;1129;245;67664
2022;39;2;976;463;63945
2022;40;1;1245;310;67883
2022;40;2;1068;587;63764
2022;41;1;1313;300;65947
2022;41;2;1043;612;63213
2022;42;1;1458;330;68090
2022;42;2;1178;735;65114
2022;43;1;1513;324;65804
2022;43;2;1204;750;63022
2022;44;1;1659;366;63535
2022;44;2;1256;788;61088
2022;45;1;1854;359;64191
2022;45;2;1328;828;61690
2022;46;1;1969;417;64587
2022;46;2;1450;925;62009
2022;47;1;2222;466;66477
2022;47;2;1535;1051;64319
2022;48;1;2577;536;69071
2022;48;2;1717;1202;66905
2022;49;1;2719;591;67492
2022;49;2;1834;1264;65648
2022;50;1;3092;674;68392
2022;50;2;1921;1420;66550
2022;51;1;3447;798;67856
2022;51;2;2092;1421;66193
2022;52;1;3711;844;65937
2022;52;2;2215;1419;64519
2022;53;1;3967;937;64770
2022;53;2;2347;1572;63063
2022;54;1;4445;1071;66973
2022;54;2;2565;1646;65423
2022;55;1;5103;1291;70001
2022;55;2;2837;1733;67931
2022;56;1;5767;1501;70290
2022;56;2;3025;1819;68118
2022;57;1;6266;1662;69952
2022;57;2;3357;1838;68090
2022;58;1;6709;1780;68938
2022;58;2;3607;2049;67680
2022;59;1;6719;1919;64336
2022;59;2;3535;1909;62499
2022;60;1;6965;2110;60646
2022;60;2;3635;2005;59643
2022;61;1;7326;2134;58095
2022;61;2;3842;1922;57382
2022;62;1;7742;2368;56800
2022;62;2;4087;2104;56715
2022;63;1;8247;2649;56763
2022;63;2;4334;2242;56246
2022;64;1;8958;2859;55911
2022;64;2;4720;2269;55829
2022;65;1;9657;3124;55559
2022;65;2;5014;2459;56273
2022;66;1;10165;3362;55527
2022;66;2;5365;2476;55533
2022;67;1;10487;3484;53365
2022;67;2;5774;2622;54725
2022;68;1;10768;3657;51722
2022;68;2;6013;2676;53051
2022;69;1;11608;3921;52219
2022;69;2;6582;2976;53695
2022;70;1;12107;4084;51002
2022;70;2;6989;2912;52934
2022;71;1;12351;4031;49350
2022;71;2;7520;3019;51928
2022;72;1;13355;4509;50854
2022;72;2;8140;3302;53278
2022;73;1;14138;4646;51453
2022;73;2;8959;3552;54626
2022;74;1;15431;4982;51916
2022;74;2;10040;3957;55961
2022;75;1;16023;5303;51307
2022;75;2;10559;4042;55197
2022;76;1;16721;5436;50524
2022;76;2;11415;4048;54571
2022;77;1;16885;5572;48986
2022;77;2;11961;3858;52764
2022;78;1;17133;5550;46124
2022;78;2;12277;3971;50472
2022;79;1;15909;5033;41163
2022;79;2;11963;3634;46075
2022;80;1;14985;4513;36603
2022;80;2;11257;3172;40912
2022;81;1;12752;3853;30206
2022;81;2;10483;2792;35069
2022;82;1;11963;3502;27051
2022;82;2;9909;2594;32089
2022;83;1;11384;3197;24964
2022;83;2;10061;2600;30897
2022;84;1;10292;2833;21866
2022;84;2;9861;2339;28498
2022;85;1;9285;2460;18789
2022;85;2;9124;2150;25203
2022;86;1;8141;2102;16405
2022;86;2;8786;1961;23088
2022;87;1;7064;1831;13715
2022;87;2;7912;1712;20078
2022;88;1;5954;1495;11271
2022;88;2;7326;1494;17969
2022;89;1;5109;1214;9544
2022;89;2;6633;1316;15785
2022;90;1;4359;1018;7989
2022;90;2;6201;1117;14310
2022;91;1;3598;805;6435
2022;91;2;5499;1002;12308
2022;92;1;2833;588;5037
2022;92;2;4704;831;10554
2022;93;1;2104;446;3703
2022;93;2;3815;622;8372
2022;94;1;1602;335;2811
2022;94;2;3197;540;6829
2022;95;1;1148;241;1963
2022;95;2;2478;376;5297
2022;96;1;795;169;1382
2022;96;2;1902;306;4030
2022;97;1;529;128;920
2022;97;2;1310;219;2886
2022;98;1;330;71;606
2022;98;2;966;150;2125
2022;99;1;195;50;385
2022;99;2;625;115;1384
2022;100;1;231;59;426
2022;100;2;1014;170;2259
